Obs_date,SLEV(metres)
2019-04-01 0:00,2.79
2019-04-01 1:00,3.38
2019-04-01 2:00,3.89
2019-04-01 3:00,4.25
2019-04-01 4:00,4.37
2019-04-01 5:00,4.24
2019-04-01 6:00,3.97
2019-04-01 7:00,3.58
2019-04-01 8:00,3.18
2019-04-01 9:00,2.86
2019-04-01 10:00,2.7
2019-04-01 11:00,2.77
2019-04-01 12:00,2.95
2019-04-01 13:00,3.2
2019-04-01 14:00,3.44
2019-04-01 15:00,3.59
2019-04-01 16:00,3.52
2019-04-01 17:00,3.27
2019-04-01 18:00,2.89
2019-04-01 19:00,2.45
2019-04-01 20:00,2.05
2019-04-01 21:00,1.77
2019-04-01 22:00,1.77
2019-04-01 23:00,2.05
2019-04-02 0:00,2.49
2019-04-02 1:00,3.07
2019-04-02 2:00,3.66
2019-04-02 3:00,4.15
2019-04-02 4:00,4.42
2019-04-02 5:00,4.4
2019-04-02 6:00,4.17
2019-04-02 7:00,3.79
2019-04-02 8:00,3.33
2019-04-02 9:00,2.91
2019-04-02 10:00,2.64
2019-04-02 11:00,2.59
2019-04-02 12:00,2.75
2019-04-02 13:00,3.04
2019-04-02 14:00,3.4
2019-04-02 15:00,3.67
2019-04-02 16:00,3.79
2019-04-02 17:00,3.68
2019-04-02 18:00,3.37
2019-04-02 19:00,2.94
2019-04-02 20:00,2.47
2019-04-02 21:00,2.05
2019-04-02 22:00,1.84
2019-04-02 23:00,1.94
2019-04-03 0:00,2.29
2019-04-03 1:00,2.79
2019-04-03 2:00,3.39
2019-04-03 3:00,3.95
2019-04-03 4:00,4.35
2019-04-03 5:00,4.45
2019-04-03 6:00,4.28
2019-04-03 7:00,3.94
2019-04-03 8:00,3.46
2019-04-03 9:00,2.98
2019-04-03 10:00,2.6
2019-04-03 11:00,2.43
2019-04-03 12:00,2.56
2019-04-03 13:00,2.85
2019-04-03 14:00,3.25
2019-04-03 15:00,3.66
2019-04-03 16:00,3.93
2019-04-03 17:00,3.98
2019-04-03 18:00,3.76
2019-04-03 19:00,3.37
2019-04-03 20:00,2.89
2019-04-03 21:00,2.39
2019-04-03 22:00,2.02
2019-04-03 23:00,1.89
2019-04-04 0:00,2.09
2019-04-04 1:00,2.51
2019-04-04 2:00,3.06
2019-04-04 3:00,3.66
2019-04-04 4:00,4.14
2019-04-04 5:00,4.37
2019-04-04 6:00,4.31
2019-04-04 7:00,3.97
2019-04-04 8:00,3.51
2019-04-04 9:00,2.96
2019-04-04 10:00,2.44
2019-04-04 11:00,2.13
2019-04-04 12:00,2.11
2019-04-04 13:00,2.38
2019-04-04 14:00,2.78
2019-04-04 15:00,3.28
2019-04-04 16:00,3.73
2019-04-04 17:00,3.99
2019-04-04 18:00,3.97
2019-04-04 19:00,3.72
2019-04-04 20:00,3.32
2019-04-04 21:00,2.83
2019-04-04 22:00,2.39
2019-04-04 23:00,2.11
2019-04-05 0:00,2.15
2019-04-05 1:00,2.47
2019-04-05 2:00,2.94
2019-04-05 3:00,3.52
2019-04-05 4:00,4.04
2019-04-05 5:00,4.4
2019-04-05 6:00,4.43
2019-04-05 7:00,4.18
2019-04-05 8:00,3.76
2019-04-05 9:00,3.19
2019-04-05 10:00,2.58
2019-04-05 11:00,2.17
2019-04-05 12:00,1.99
2019-04-05 13:00,2.17
2019-04-05 14:00,2.58
2019-04-05 15:00,3.12
2019-04-05 16:00,3.7
2019-04-05 17:00,4.15
2019-04-05 18:00,4.34
2019-04-05 19:00,4.2
2019-04-05 20:00,3.87
2019-04-05 21:00,3.42
2019-04-05 22:00,2.92
2019-04-05 23:00,2.5
2019-04-06 0:00,2.33
2019-04-06 1:00,2.47
2019-04-06 2:00,2.85
2019-04-06 3:00,3.32
2019-04-06 4:00,3.85
2019-04-06 5:00,4.27
2019-04-06 6:00,4.44
2019-04-06 7:00,4.27
2019-04-06 8:00,3.9
2019-04-06 9:00,3.37
2019-04-06 10:00,2.75
2019-04-06 11:00,2.24
2019-04-06 12:00,1.94
2019-04-06 13:00,2.01
2019-04-06 14:00,2.34
2019-04-06 15:00,2.87
2019-04-06 16:00,3.51
2019-04-06 17:00,4.04
2019-04-06 18:00,4.4
2019-04-06 19:00,4.47
2019-04-06 20:00,4.23
2019-04-06 21:00,3.86
2019-04-06 22:00,3.36
2019-04-06 23:00,2.88
2019-04-07 0:00,2.57
2019-04-07 1:00,2.53
2019-04-07 2:00,2.81
2019-04-07 3:00,3.23
2019-04-07 4:00,3.73
2019-04-07 5:00,4.2
2019-04-07 6:00,4.48
2019-04-07 7:00,4.42
2019-04-07 8:00,4.08
2019-04-07 9:00,3.58
2019-04-07 10:00,2.93
2019-04-07 11:00,2.28
2019-04-07 12:00,1.76
2019-04-07 13:00,1.57
2019-04-07 14:00,1.73
2019-04-07 15:00,2.14
2019-04-07 16:00,2.74
2019-04-07 17:00,3.37
2019-04-07 18:00,3.93
2019-04-07 19:00,4.24
2019-04-07 20:00,4.28
2019-04-07 21:00,4.09
2019-04-07 22:00,3.75
2019-04-07 23:00,3.34
2019-04-08 0:00,2.99
2019-04-08 1:00,2.8
2019-04-08 2:00,2.89
2019-04-08 3:00,3.19
2019-04-08 4:00,3.58
2019-04-08 5:00,4.02
2019-04-08 6:00,4.33
2019-04-08 7:00,4.38
2019-04-08 8:00,4.14
2019-04-08 9:00,3.69
2019-04-08 10:00,3.07
2019-04-08 11:00,2.38
2019-04-08 12:00,1.79
2019-04-08 13:00,1.42
2019-04-08 14:00,1.4
2019-04-08 15:00,1.73
2019-04-08 16:00,2.27
2019-04-08 17:00,2.93
2019-04-08 18:00,3.59
2019-04-08 19:00,4.13
2019-04-08 20:00,4.39
2019-04-08 21:00,4.38
2019-04-08 22:00,4.19
2019-04-08 23:00,3.85
2019-04-09 0:00,3.48
2019-04-09 1:00,3.19
2019-04-09 2:00,3.09
2019-04-09 3:00,3.22
2019-04-09 4:00,3.49
2019-04-09 5:00,3.83
2019-04-09 6:00,4.15
2019-04-09 7:00,4.28
2019-04-09 8:00,4.14
2019-04-09 9:00,3.77
2019-04-09 10:00,3.23
2019-04-09 11:00,2.57
2019-04-09 12:00,1.92
2019-04-09 13:00,1.4
2019-04-09 14:00,1.12
2019-04-09 15:00,1.25
2019-04-09 16:00,1.65
2019-04-09 17:00,2.24
2019-04-09 18:00,2.93
2019-04-09 19:00,3.59
2019-04-09 20:00,4.06
2019-04-09 21:00,4.29
2019-04-09 22:00,4.27
2019-04-09 23:00,4.09
2019-04-10 0:00,3.77
2019-04-10 1:00,3.46
2019-04-10 2:00,3.23
2019-04-10 3:00,3.17
2019-04-10 4:00,3.29
2019-04-10 5:00,3.5
2019-04-10 6:00,3.77
2019-04-10 7:00,3.95
2019-04-10 8:00,3.99
2019-04-10 9:00,3.78
2019-04-10 10:00,3.37
2019-04-10 11:00,2.81
2019-04-10 12:00,2.2
2019-04-10 13:00,1.6
2019-04-10 14:00,1.17
2019-04-10 15:00,1.04
2019-04-10 16:00,1.27
2019-04-10 17:00,1.7
2019-04-10 18:00,2.33
2019-04-10 19:00,3.02
2019-04-10 20:00,3.64
2019-04-10 21:00,4.09
2019-04-10 22:00,4.31
2019-04-10 23:00,4.29
2019-04-11 0:00,4.14
2019-04-11 1:00,3.88
2019-04-11 2:00,3.6
2019-04-11 3:00,3.41
2019-04-11 4:00,3.34
2019-04-11 5:00,3.44
2019-04-11 6:00,3.61
2019-04-11 7:00,3.79
2019-04-11 8:00,3.9
2019-04-11 9:00,3.86
2019-04-11 10:00,3.59
2019-04-11 11:00,3.18
2019-04-11 12:00,2.61
2019-04-11 13:00,2.03
2019-04-11 14:00,1.49
2019-04-11 15:00,1.11
2019-04-11 16:00,1.06
2019-04-11 17:00,1.29
2019-04-11 18:00,1.76
2019-04-11 19:00,2.37
2019-04-11 20:00,3.03
2019-04-11 21:00,3.65
2019-04-11 22:00,4.11
2019-04-11 23:00,4.34
2019-04-12 0:00,4.38
2019-04-12 1:00,4.24
2019-04-12 2:00,3.98
2019-04-12 3:00,3.72
2019-04-12 4:00,3.51
2019-04-12 5:00,3.37
2019-04-12 6:00,3.41
2019-04-12 7:00,3.49
2019-04-12 8:00,3.58
2019-04-12 9:00,3.67
2019-04-12 10:00,3.58
2019-04-12 11:00,3.33
2019-04-12 12:00,2.96
2019-04-12 13:00,2.48
2019-04-12 14:00,1.95
2019-04-12 15:00,1.47
2019-04-12 16:00,1.15
2019-04-12 17:00,1.12
2019-04-12 18:00,1.33
2019-04-12 19:00,1.75
2019-04-12 20:00,2.37
2019-04-12 21:00,3.01
2019-04-12 22:00,3.68
2019-04-12 23:00,4.14
2019-04-13 0:00,4.41
2019-04-13 1:00,4.46
2019-04-13 2:00,4.35
2019-04-13 3:00,4.1
2019-04-13 4:00,3.81
2019-04-13 5:00,3.54
2019-04-13 6:00,3.37
2019-04-13 7:00,3.35
2019-04-13 8:00,3.43
2019-04-13 9:00,3.52
2019-04-13 10:00,3.61
2019-04-13 11:00,3.61
2019-04-13 12:00,3.44
2019-04-13 13:00,3.15
2019-04-13 14:00,2.72
2019-04-13 15:00,2.24
2019-04-13 16:00,1.77
2019-04-13 17:00,1.42
2019-04-13 18:00,1.28
2019-04-13 19:00,1.45
2019-04-13 20:00,1.84
2019-04-13 21:00,2.4
2019-04-13 22:00,3.06
2019-04-13 23:00,3.7
2019-04-14 0:00,4.22
2019-04-14 1:00,4.51
2019-04-14 2:00,4.56
2019-04-14 3:00,4.42
2019-04-14 4:00,4.12
2019-04-14 5:00,3.75
2019-04-14 6:00,3.41
2019-04-14 7:00,3.16
2019-04-14 8:00,3.06
2019-04-14 9:00,3.11
2019-04-14 10:00,3.24
2019-04-14 11:00,3.39
2019-04-14 12:00,3.49
2019-04-14 13:00,3.43
2019-04-14 14:00,3.19
2019-04-14 15:00,2.8
2019-04-14 16:00,2.31
2019-04-14 17:00,1.82
2019-04-14 18:00,1.42
2019-04-14 19:00,1.23
2019-04-14 20:00,1.35
2019-04-14 21:00,1.74
2019-04-14 22:00,2.3
2019-04-14 23:00,3
2019-04-15 0:00,3.68
2019-04-15 1:00,4.22
2019-04-15 2:00,4.54
2019-04-15 3:00,4.56
2019-04-15 4:00,4.36
2019-04-15 5:00,3.98
2019-04-15 6:00,3.55
2019-04-15 7:00,3.12
2019-04-15 8:00,2.81
2019-04-15 9:00,2.73
2019-04-15 10:00,2.83
2019-04-15 11:00,3.06
2019-04-15 12:00,3.34
2019-04-15 13:00,3.55
2019-04-15 14:00,3.61
2019-04-15 15:00,3.44
2019-04-15 16:00,3.07
2019-04-15 17:00,2.58
2019-04-15 18:00,2.05
2019-04-15 19:00,1.6
2019-04-15 20:00,1.34
2019-04-15 21:00,1.43
2019-04-15 22:00,1.82
2019-04-15 23:00,2.41
2019-04-16 0:00,3.13
2019-04-16 1:00,3.84
2019-04-16 2:00,4.37
2019-04-16 3:00,4.65
2019-04-16 4:00,4.56
2019-04-16 5:00,4.25
2019-04-16 6:00,3.79
2019-04-16 7:00,3.23
2019-04-16 8:00,2.71
2019-04-16 9:00,2.37
2019-04-16 10:00,2.31
2019-04-16 11:00,2.52
2019-04-16 12:00,2.9
2019-04-16 13:00,3.3
2019-04-16 14:00,3.67
2019-04-16 15:00,3.83
2019-04-16 16:00,3.66
2019-04-16 17:00,3.29
2019-04-16 18:00,2.78
2019-04-16 19:00,2.19
2019-04-16 20:00,1.69
2019-04-16 21:00,1.4
2019-04-16 22:00,1.47
2019-04-16 23:00,1.89
2019-04-17 0:00,2.5
2019-04-17 1:00,3.24
2019-04-17 2:00,3.95
2019-04-17 3:00,4.44
2019-04-17 4:00,4.59
2019-04-17 5:00,4.39
2019-04-17 6:00,3.98
2019-04-17 7:00,3.37
2019-04-17 8:00,2.72
2019-04-17 9:00,2.17
2019-04-17 10:00,1.85
2019-04-17 11:00,1.9
2019-04-17 12:00,2.27
2019-04-17 13:00,2.74
2019-04-17 14:00,3.31
2019-04-17 15:00,3.78
2019-04-17 16:00,3.96
2019-04-17 17:00,3.81
2019-04-17 18:00,3.44
2019-04-17 19:00,2.91
2019-04-17 20:00,2.29
2019-04-17 21:00,1.78
2019-04-17 22:00,1.53
2019-04-17 23:00,1.66
2019-04-18 0:00,2.11
2019-04-18 1:00,2.74
2019-04-18 2:00,3.48
2019-04-18 3:00,4.14
2019-04-18 4:00,4.52
2019-04-18 5:00,4.53
2019-04-18 6:00,4.18
2019-04-18 7:00,3.6
2019-04-18 8:00,2.91
2019-04-18 9:00,2.16
2019-04-18 10:00,1.62
2019-04-18 11:00,1.44
2019-04-18 12:00,1.68
2019-04-18 13:00,2.14
2019-04-18 14:00,2.76
2019-04-18 15:00,3.48
2019-04-18 16:00,3.99
2019-04-18 17:00,4.23
2019-04-18 18:00,4.1
2019-04-18 19:00,3.7
2019-04-18 20:00,3.17
2019-04-18 21:00,2.6
2019-04-18 22:00,2.11
2019-04-18 23:00,1.9
2019-04-19 0:00,2.09
2019-04-19 1:00,2.57
2019-04-19 2:00,3.2
2019-04-19 3:00,3.89
2019-04-19 4:00,4.44
2019-04-19 5:00,4.62
2019-04-19 6:00,4.42
2019-04-19 7:00,3.95
2019-04-19 8:00,3.27
2019-04-19 9:00,2.48
2019-04-19 10:00,1.72
2019-04-19 11:00,1.24
2019-04-19 12:00,1.18
2019-04-19 13:00,1.54
2019-04-19 14:00,2.13
2019-04-19 15:00,2.9
2019-04-19 16:00,3.65
2019-04-19 17:00,4.19
2019-04-19 18:00,4.4
2019-04-19 19:00,4.23
2019-04-19 20:00,3.87
2019-04-19 21:00,3.33
2019-04-19 22:00,2.76
2019-04-19 23:00,2.33
2019-04-20 0:00,2.23
2019-04-20 1:00,2.5
2019-04-20 2:00,2.95
2019-04-20 3:00,3.54
2019-04-20 4:00,4.12
2019-04-20 5:00,4.49
2019-04-20 6:00,4.5
2019-04-20 7:00,4.13
2019-04-20 8:00,3.53
2019-04-20 9:00,2.76
2019-04-20 10:00,1.92
2019-04-20 11:00,1.21
2019-04-20 12:00,0.85
2019-04-20 13:00,0.97
2019-04-20 14:00,1.46
2019-04-20 15:00,2.14
2019-04-20 16:00,2.99
2019-04-20 17:00,3.76
2019-04-20 18:00,4.27
2019-04-20 19:00,4.46
2019-04-20 20:00,4.28
2019-04-20 21:00,3.91
2019-04-20 22:00,3.42
2019-04-20 23:00,2.92
2019-04-21 0:00,2.57
2019-04-21 1:00,2.55
2019-04-21 2:00,2.83
2019-04-21 3:00,3.25
2019-04-21 4:00,3.75
2019-04-21 5:00,4.19
2019-04-21 6:00,4.38
2019-04-21 7:00,4.21
2019-04-21 8:00,3.7
2019-04-21 9:00,3.03
2019-04-21 10:00,2.21
2019-04-21 11:00,1.41
2019-04-21 12:00,0.82
2019-04-21 13:00,0.61
2019-04-21 14:00,0.87
2019-04-21 15:00,1.43
2019-04-21 16:00,2.19
2019-04-21 17:00,3.04
2019-04-21 18:00,3.79
2019-04-21 19:00,4.27
2019-04-21 20:00,4.38
2019-04-21 21:00,4.21
2019-04-21 22:00,3.88
2019-04-21 23:00,3.43
2019-04-22 0:00,3
2019-04-22 1:00,2.75
2019-04-22 2:00,2.8
2019-04-22 3:00,3.06
2019-04-22 4:00,3.43
2019-04-22 5:00,3.83
2019-04-22 6:00,4.12
2019-04-22 7:00,4.15
2019-04-22 8:00,3.87
2019-04-22 9:00,3.33
2019-04-22 10:00,2.64
2019-04-22 11:00,1.84
2019-04-22 12:00,1.14
2019-04-22 13:00,0.69
2019-04-22 14:00,0.65
2019-04-22 15:00,1
2019-04-22 16:00,1.61
2019-04-22 17:00,2.42
2019-04-22 18:00,3.21
2019-04-22 19:00,3.89
2019-04-22 20:00,4.29
2019-04-22 21:00,4.37
2019-04-22 22:00,4.21
2019-04-22 23:00,3.91
2019-04-23 0:00,3.5
2019-04-23 1:00,3.16
2019-04-23 2:00,2.99
2019-04-23 3:00,3.05
2019-04-23 4:00,3.26
2019-04-23 5:00,3.56
2019-04-23 6:00,3.84
2019-04-23 7:00,4.01
2019-04-23 8:00,3.89
2019-04-23 9:00,3.51
2019-04-23 10:00,2.97
2019-04-23 11:00,2.29
2019-04-23 12:00,1.6
2019-04-23 13:00,1.04
2019-04-23 14:00,0.74
2019-04-23 15:00,0.82
2019-04-23 16:00,1.24
2019-04-23 17:00,1.86
2019-04-23 18:00,2.63
2019-04-23 19:00,3.37
2019-04-23 20:00,3.96
2019-04-23 21:00,4.31
2019-04-23 22:00,4.36
2019-04-23 23:00,4.21
2019-04-24 0:00,3.92
2019-04-24 1:00,3.56
2019-04-24 2:00,3.26
2019-04-24 3:00,3.08
2019-04-24 4:00,3.1
2019-04-24 5:00,3.25
2019-04-24 6:00,3.42
2019-04-24 7:00,3.58
2019-04-24 8:00,3.61
2019-04-24 9:00,3.42
2019-04-24 10:00,3.04
2019-04-24 11:00,2.53
2019-04-24 12:00,1.93
2019-04-24 13:00,1.36
2019-04-24 14:00,0.93
2019-04-24 15:00,0.8
2019-04-24 16:00,1
2019-04-24 17:00,1.42
2019-04-24 18:00,2.05
2019-04-24 19:00,2.74
2019-04-24 20:00,3.42
2019-04-24 21:00,3.94
2019-04-24 22:00,4.22
2019-04-24 23:00,4.27
2019-04-25 0:00,4.15
2019-04-25 1:00,3.87
2019-04-25 2:00,3.56
2019-04-25 3:00,3.3
2019-04-25 4:00,3.14
2019-04-25 5:00,3.11
2019-04-25 6:00,3.19
2019-04-25 7:00,3.3
2019-04-25 8:00,3.4
2019-04-25 9:00,3.38
2019-04-25 10:00,3.2
2019-04-25 11:00,2.85
2019-04-25 12:00,2.41
2019-04-25 13:00,1.92
2019-04-25 14:00,1.47
2019-04-25 15:00,1.16
2019-04-25 16:00,1.11
2019-04-25 17:00,1.33
2019-04-25 18:00,1.73
2019-04-25 19:00,2.31
2019-04-25 20:00,2.94
2019-04-25 21:00,3.54
2019-04-25 22:00,4
2019-04-25 23:00,4.28
2019-04-26 0:00,4.32
2019-04-26 1:00,4.19
2019-04-26 2:00,3.94
2019-04-26 3:00,3.66
2019-04-26 4:00,3.36
2019-04-26 5:00,3.16
2019-04-26 6:00,3.08
2019-04-26 7:00,3.1
2019-04-26 8:00,3.15
2019-04-26 9:00,3.2
2019-04-26 10:00,3.16
2019-04-26 11:00,3.01
2019-04-26 12:00,2.74
2019-04-26 13:00,2.4
2019-04-26 14:00,2.01
2019-04-26 15:00,1.67
2019-04-26 16:00,1.43
2019-04-26 17:00,1.4
2019-04-26 18:00,1.61
2019-04-26 19:00,1.97
2019-04-26 20:00,2.47
2019-04-26 21:00,3.05
2019-04-26 22:00,3.56
2019-04-26 23:00,3.97
2019-04-27 0:00,4.19
2019-04-27 1:00,4.21
2019-04-27 2:00,4.09
2019-04-27 3:00,3.84
2019-04-27 4:00,3.51
2019-04-27 5:00,3.24
2019-04-27 6:00,3.01
2019-04-27 7:00,2.9
2019-04-27 8:00,2.9
2019-04-27 9:00,2.97
2019-04-27 10:00,3.04
2019-04-27 11:00,3.07
2019-04-27 12:00,3
2019-04-27 13:00,2.84
2019-04-27 14:00,2.58
2019-04-27 15:00,2.27
2019-04-27 16:00,1.96
2019-04-27 17:00,1.73
2019-04-27 18:00,1.65
2019-04-27 19:00,1.79
2019-04-27 20:00,2.08
2019-04-27 21:00,2.5
2019-04-27 22:00,3.01
2019-04-27 23:00,3.47
2019-04-28 0:00,3.85
2019-04-28 1:00,4.06
2019-04-28 2:00,4.09
2019-04-28 3:00,3.91
2019-04-28 4:00,3.65
2019-04-28 5:00,3.32
2019-04-28 6:00,2.99
2019-04-28 7:00,2.76
2019-04-28 8:00,2.64
2019-04-28 9:00,2.66
2019-04-28 10:00,2.76
2019-04-28 11:00,2.87
2019-04-28 12:00,2.97
2019-04-28 13:00,2.97
2019-04-28 14:00,2.85
2019-04-28 15:00,2.62
2019-04-28 16:00,2.34
2019-04-28 17:00,2.03
2019-04-28 18:00,1.81
2019-04-28 19:00,1.73
2019-04-28 20:00,1.85
2019-04-28 21:00,2.15
2019-04-28 22:00,2.58
2019-04-28 23:00,3.1
2019-04-29 0:00,3.58
2019-04-29 1:00,3.93
2019-04-29 2:00,4.11
2019-04-29 3:00,4.07
2019-04-29 4:00,3.86
2019-04-29 5:00,3.54
2019-04-29 6:00,3.14
2019-04-29 7:00,2.79
2019-04-29 8:00,2.53
2019-04-29 9:00,2.43
2019-04-29 10:00,2.49
2019-04-29 11:00,2.65
2019-04-29 12:00,2.87
2019-04-29 13:00,3.01
2019-04-29 14:00,3.08
2019-04-29 15:00,3.01
2019-04-29 16:00,2.8
2019-04-29 17:00,2.51
2019-04-29 18:00,2.21
2019-04-29 19:00,1.97
2019-04-29 20:00,1.9
2019-04-29 21:00,2.02
2019-04-29 22:00,2.34
2019-04-29 23:00,2.78
2019-04-30 0:00,3.28
2019-04-30 1:00,3.69
2019-04-30 2:00,3.99
2019-04-30 3:00,4.08
2019-04-30 4:00,3.93
2019-04-30 5:00,3.64
2019-04-30 6:00,3.23
2019-04-30 7:00,2.78
2019-04-30 8:00,2.43
2019-04-30 9:00,2.2
2019-04-30 10:00,2.2
2019-04-30 11:00,2.36
2019-04-30 12:00,2.65
2019-04-30 13:00,2.96
2019-04-30 14:00,3.19
2019-04-30 15:00,3.31
2019-04-30 16:00,3.21
2019-04-30 17:00,3
2019-04-30 18:00,2.68
2019-04-30 19:00,2.36
2019-04-30 20:00,2.11
2019-04-30 21:00,2.05
2019-04-30 22:00,2.22
2019-04-30 23:00,2.56
2019-05-01 0:00,3.02
2019-05-01 1:00,3.52
2019-05-01 2:00,3.92
2019-05-01 3:00,4.14
2019-05-01 4:00,4.12
2019-05-01 5:00,3.86
2019-05-01 6:00,3.47
2019-05-01 7:00,2.98
2019-05-01 8:00,2.51
2019-05-01 9:00,2.14
2019-05-01 10:00,1.99
2019-05-01 11:00,2.13
2019-05-01 12:00,2.41
2019-05-01 13:00,2.79
2019-05-01 14:00,3.19
2019-05-01 15:00,3.46
2019-05-01 16:00,3.54
2019-05-01 17:00,3.43
2019-05-01 18:00,3.17
2019-05-01 19:00,2.81
2019-05-01 20:00,2.47
2019-05-01 21:00,2.27
2019-05-01 22:00,2.25
2019-05-01 23:00,2.49
2019-05-02 0:00,2.87
2019-05-02 1:00,3.35
2019-05-02 2:00,3.82
2019-05-02 3:00,4.12
2019-05-02 4:00,4.2
2019-05-02 5:00,4
2019-05-02 6:00,3.6
2019-05-02 7:00,3.1
2019-05-02 8:00,2.51
2019-05-02 9:00,2.03
2019-05-02 10:00,1.73
2019-05-02 11:00,1.74
2019-05-02 12:00,2.02
2019-05-02 13:00,2.42
2019-05-02 14:00,2.92
2019-05-02 15:00,3.37
2019-05-02 16:00,3.66
2019-05-02 17:00,3.68
2019-05-02 18:00,3.51
2019-05-02 19:00,3.21
2019-05-02 20:00,2.83
2019-05-02 21:00,2.49
2019-05-02 22:00,2.31
2019-05-02 23:00,2.38
2019-05-03 0:00,2.68
2019-05-03 1:00,3.1
2019-05-03 2:00,3.57
2019-05-03 3:00,3.95
2019-05-03 4:00,4.13
2019-05-03 5:00,4.03
2019-05-03 6:00,3.68
2019-05-03 7:00,3.16
2019-05-03 8:00,2.54
2019-05-03 9:00,1.94
2019-05-03 10:00,1.51
2019-05-03 11:00,1.36
2019-05-03 12:00,1.56
2019-05-03 13:00,2.01
2019-05-03 14:00,2.57
2019-05-03 15:00,3.16
2019-05-03 16:00,3.66
2019-05-03 17:00,3.91
2019-05-03 18:00,3.86
2019-05-03 19:00,3.62
2019-05-03 20:00,3.3
2019-05-03 21:00,2.89
2019-05-03 22:00,2.57
2019-05-03 23:00,2.48
2019-05-04 0:00,2.63
2019-05-04 1:00,2.97
2019-05-04 2:00,3.4
2019-05-04 3:00,3.84
2019-05-04 4:00,4.1
2019-05-04 5:00,4.13
2019-05-04 6:00,3.84
2019-05-04 7:00,3.35
2019-05-04 8:00,2.72
2019-05-04 9:00,2.05
2019-05-04 10:00,1.47
2019-05-04 11:00,1.13
2019-05-04 12:00,1.2
2019-05-04 13:00,1.57
2019-05-04 14:00,2.15
2019-05-04 15:00,2.83
2019-05-04 16:00,3.49
2019-05-04 17:00,3.95
2019-05-04 18:00,4.13
2019-05-04 19:00,4.04
2019-05-04 20:00,3.77
2019-05-04 21:00,3.39
2019-05-04 22:00,3
2019-05-04 23:00,2.75
2019-05-05 0:00,2.74
2019-05-05 1:00,2.98
2019-05-05 2:00,3.34
2019-05-05 3:00,3.77
2019-05-05 4:00,4.1
2019-05-05 5:00,4.24
2019-05-05 6:00,4.07
2019-05-05 7:00,3.62
2019-05-05 8:00,3.01
2019-05-05 9:00,2.3
2019-05-05 10:00,1.6
2019-05-05 11:00,1.09
2019-05-05 12:00,0.94
2019-05-05 13:00,1.18
2019-05-05 14:00,1.67
2019-05-05 15:00,2.36
2019-05-05 16:00,3.11
2019-05-05 17:00,3.77
2019-05-05 18:00,4.19
2019-05-05 19:00,4.28
2019-05-05 20:00,4.12
2019-05-05 21:00,3.82
2019-05-05 22:00,3.42
2019-05-05 23:00,3.07
2019-05-06 0:00,2.9
2019-05-06 1:00,2.98
2019-05-06 2:00,3.25
2019-05-06 3:00,3.6
2019-05-06 4:00,3.96
2019-05-06 5:00,4.18
2019-05-06 6:00,4.14
2019-05-06 7:00,3.8
2019-05-06 8:00,3.24
2019-05-06 9:00,2.54
2019-05-06 10:00,1.8
2019-05-06 11:00,1.15
2019-05-06 12:00,0.76
2019-05-06 13:00,0.78
2019-05-06 14:00,1.19
2019-05-06 15:00,1.82
2019-05-06 16:00,2.61
2019-05-06 17:00,3.38
2019-05-06 18:00,3.98
2019-05-06 19:00,4.33
2019-05-06 20:00,4.35
2019-05-06 21:00,4.18
2019-05-06 22:00,3.85
2019-05-06 23:00,3.46
2019-05-07 0:00,3.17
2019-05-07 1:00,3.07
2019-05-07 2:00,3.19
2019-05-07 3:00,3.46
2019-05-07 4:00,3.77
2019-05-07 5:00,4.05
2019-05-07 6:00,4.14
2019-05-07 7:00,3.94
2019-05-07 8:00,3.48
2019-05-07 9:00,2.85
2019-05-07 10:00,2.09
2019-05-07 11:00,1.35
2019-05-07 12:00,0.79
2019-05-07 13:00,0.57
2019-05-07 14:00,0.76
2019-05-07 15:00,1.26
2019-05-07 16:00,1.96
2019-05-07 17:00,2.79
2019-05-07 18:00,3.55
2019-05-07 19:00,4.11
2019-05-07 20:00,4.37
2019-05-07 21:00,4.36
2019-05-07 22:00,4.15
2019-05-07 23:00,3.84
2019-05-08 0:00,3.5
2019-05-08 1:00,3.23
2019-05-08 2:00,3.18
2019-05-08 3:00,3.33
2019-05-08 4:00,3.54
2019-05-08 5:00,3.8
2019-05-08 6:00,3.98
2019-05-08 7:00,3.94
2019-05-08 8:00,3.64
2019-05-08 9:00,3.12
2019-05-08 10:00,2.47
2019-05-08 11:00,1.74
2019-05-08 12:00,1.05
2019-05-08 13:00,0.59
2019-05-08 14:00,0.53
2019-05-08 15:00,0.83
2019-05-08 16:00,1.4
2019-05-08 17:00,2.15
2019-05-08 18:00,2.96
2019-05-08 19:00,3.69
2019-05-08 20:00,4.2
2019-05-08 21:00,4.43
2019-05-08 22:00,4.39
2019-05-08 23:00,4.19
2019-05-09 0:00,3.87
2019-05-09 1:00,3.55
2019-05-09 2:00,3.34
2019-05-09 3:00,3.31
2019-05-09 4:00,3.43
2019-05-09 5:00,3.62
2019-05-09 6:00,3.81
2019-05-09 7:00,3.93
2019-05-09 8:00,3.8
2019-05-09 9:00,3.45
2019-05-09 10:00,2.94
2019-05-09 11:00,2.31
2019-05-09 12:00,1.61
2019-05-09 13:00,1.03
2019-05-09 14:00,0.68
2019-05-09 15:00,0.69
2019-05-09 16:00,1.06
2019-05-09 17:00,1.63
2019-05-09 18:00,2.39
2019-05-09 19:00,3.18
2019-05-09 20:00,3.85
2019-05-09 21:00,4.33
2019-05-09 22:00,4.52
2019-05-09 23:00,4.49
2019-05-10 0:00,4.29
2019-05-10 1:00,3.98
2019-05-10 2:00,3.66
2019-05-10 3:00,3.45
2019-05-10 4:00,3.38
2019-05-10 5:00,3.46
2019-05-10 6:00,3.6
2019-05-10 7:00,3.74
2019-05-10 8:00,3.8
2019-05-10 9:00,3.66
2019-05-10 10:00,3.31
2019-05-10 11:00,2.81
2019-05-10 12:00,2.22
2019-05-10 13:00,1.62
2019-05-10 14:00,1.11
2019-05-10 15:00,0.85
2019-05-10 16:00,0.9
2019-05-10 17:00,1.27
2019-05-10 18:00,1.87
2019-05-10 19:00,2.6
2019-05-10 20:00,3.33
2019-05-10 21:00,3.98
2019-05-10 22:00,4.42
2019-05-10 23:00,4.59
2019-05-11 0:00,4.53
2019-05-11 1:00,4.31
2019-05-11 2:00,3.98
2019-05-11 3:00,3.64
2019-05-11 4:00,3.38
2019-05-11 5:00,3.26
2019-05-11 6:00,3.29
2019-05-11 7:00,3.39
2019-05-11 8:00,3.52
2019-05-11 9:00,3.57
2019-05-11 10:00,3.49
2019-05-11 11:00,3.23
2019-05-11 12:00,2.83
2019-05-11 13:00,2.33
2019-05-11 14:00,1.81
2019-05-11 15:00,1.38
2019-05-11 16:00,1.13
2019-05-11 17:00,1.19
2019-05-11 18:00,1.54
2019-05-11 19:00,2.06
2019-05-11 20:00,2.76
2019-05-11 21:00,3.46
2019-05-11 22:00,4.07
2019-05-11 23:00,4.5
2019-05-12 0:00,4.66
2019-05-12 1:00,4.57
2019-05-12 2:00,4.33
2019-05-12 3:00,3.94
2019-05-12 4:00,3.55
2019-05-12 5:00,3.23
2019-05-12 6:00,3.02
2019-05-12 7:00,3
2019-05-12 8:00,3.1
2019-05-12 9:00,3.26
2019-05-12 10:00,3.37
2019-05-12 11:00,3.39
2019-05-12 12:00,3.25
2019-05-12 13:00,2.93
2019-05-12 14:00,2.52
2019-05-12 15:00,2.07
2019-05-12 16:00,1.64
2019-05-12 17:00,1.4
2019-05-12 18:00,1.39
2019-05-12 19:00,1.67
2019-05-12 20:00,2.17
2019-05-12 21:00,2.82
2019-05-12 22:00,3.5
2019-05-12 23:00,4.1
2019-05-13 0:00,4.51
2019-05-13 1:00,4.65
2019-05-13 2:00,4.51
2019-05-13 3:00,4.21
2019-05-13 4:00,3.78
2019-05-13 5:00,3.31
2019-05-13 6:00,2.91
2019-05-13 7:00,2.66
2019-05-13 8:00,2.63
2019-05-13 9:00,2.76
2019-05-13 10:00,2.95
2019-05-13 11:00,3.2
2019-05-13 12:00,3.35
2019-05-13 13:00,3.33
2019-05-13 14:00,3.13
2019-05-13 15:00,2.79
2019-05-13 16:00,2.36
2019-05-13 17:00,1.96
2019-05-13 18:00,1.66
2019-05-13 19:00,1.6
2019-05-13 20:00,1.85
2019-05-13 21:00,2.32
2019-05-13 22:00,2.92
2019-05-13 23:00,3.59
2019-05-14 0:00,4.17
2019-05-14 1:00,4.55
2019-05-14 2:00,4.64
2019-05-14 3:00,4.44
2019-05-14 4:00,4.06
2019-05-14 5:00,3.53
2019-05-14 6:00,2.99
2019-05-14 7:00,2.53
2019-05-14 8:00,2.27
2019-05-14 9:00,2.26
2019-05-14 10:00,2.48
2019-05-14 11:00,2.83
2019-05-14 12:00,3.18
2019-05-14 13:00,3.46
2019-05-14 14:00,3.58
2019-05-14 15:00,3.47
2019-05-14 16:00,3.17
2019-05-14 17:00,2.74
2019-05-14 18:00,2.33
2019-05-14 19:00,1.99
2019-05-14 20:00,1.87
2019-05-14 21:00,2.09
2019-05-14 22:00,2.52
2019-05-14 23:00,3.08
2019-05-15 0:00,3.71
2019-05-15 1:00,4.26
2019-05-15 2:00,4.56
2019-05-15 3:00,4.54
2019-05-15 4:00,4.24
2019-05-15 5:00,3.75
2019-05-15 6:00,3.12
2019-05-15 7:00,2.5
2019-05-15 8:00,2
2019-05-15 9:00,1.75
2019-05-15 10:00,1.84
2019-05-15 11:00,2.16
2019-05-15 12:00,2.65
2019-05-15 13:00,3.19
2019-05-15 14:00,3.62
2019-05-15 15:00,3.85
2019-05-15 16:00,3.8
2019-05-15 17:00,3.54
2019-05-15 18:00,3.18
2019-05-15 19:00,2.76
2019-05-15 20:00,2.39
2019-05-15 21:00,2.27
2019-05-15 22:00,2.46
2019-05-15 23:00,2.9
2019-05-16 0:00,3.43
2019-05-16 1:00,4.02
2019-05-16 2:00,4.48
2019-05-16 3:00,4.67
2019-05-16 4:00,4.52
2019-05-16 5:00,4.12
2019-05-16 6:00,3.51
2019-05-16 7:00,2.79
2019-05-16 8:00,2.11
2019-05-16 9:00,1.61
2019-05-16 10:00,1.45
2019-05-16 11:00,1.67
2019-05-16 12:00,2.14
2019-05-16 13:00,2.76
2019-05-16 14:00,3.41
2019-05-16 15:00,3.94
2019-05-16 16:00,4.2
2019-05-16 17:00,4.14
2019-05-16 18:00,3.87
2019-05-16 19:00,3.47
2019-05-16 20:00,3.03
2019-05-16 21:00,2.68
2019-05-16 22:00,2.56
2019-05-16 23:00,2.78
2019-05-17 0:00,3.2
2019-05-17 1:00,3.7
2019-05-17 2:00,4.25
2019-05-17 3:00,4.59
2019-05-17 4:00,4.64
2019-05-17 5:00,4.35
2019-05-17 6:00,3.81
2019-05-17 7:00,3.09
2019-05-17 8:00,2.31
2019-05-17 9:00,1.58
2019-05-17 10:00,1.13
2019-05-17 11:00,1.1
2019-05-17 12:00,1.45
2019-05-17 13:00,2.04
2019-05-17 14:00,2.78
2019-05-17 15:00,3.51
2019-05-17 16:00,4.07
2019-05-17 17:00,4.33
2019-05-17 18:00,4.25
2019-05-17 19:00,3.97
2019-05-17 20:00,3.55
2019-05-17 21:00,3.12
2019-05-17 22:00,2.79
2019-05-17 23:00,2.75
2019-05-18 0:00,2.98
2019-05-18 1:00,3.4
2019-05-18 2:00,3.88
2019-05-18 3:00,4.32
2019-05-18 4:00,4.56
2019-05-18 5:00,4.45
2019-05-18 6:00,4.02
2019-05-18 7:00,3.4
2019-05-18 8:00,2.62
2019-05-18 9:00,1.79
2019-05-18 10:00,1.15
2019-05-18 11:00,0.82
2019-05-18 12:00,0.96
2019-05-18 13:00,1.46
2019-05-18 14:00,2.17
2019-05-18 15:00,3.03
2019-05-18 16:00,3.81
2019-05-18 17:00,4.36
2019-05-18 18:00,4.6
2019-05-18 19:00,4.5
2019-05-18 20:00,4.23
2019-05-18 21:00,3.81
2019-05-18 22:00,3.38
2019-05-18 23:00,3.11
2019-05-19 0:00,3.09
2019-05-19 1:00,3.34
2019-05-19 2:00,3.7
2019-05-19 3:00,4.09
2019-05-19 4:00,4.42
2019-05-19 5:00,4.51
2019-05-19 6:00,4.24
2019-05-19 7:00,3.71
2019-05-19 8:00,3.03
2019-05-19 9:00,2.21
2019-05-19 10:00,1.43
2019-05-19 11:00,0.86
2019-05-19 12:00,0.7
2019-05-19 13:00,1
2019-05-19 14:00,1.6
2019-05-19 15:00,2.4
2019-05-19 16:00,3.28
2019-05-19 17:00,4.05
2019-05-19 18:00,4.58
2019-05-19 19:00,4.76
2019-05-19 20:00,4.63
2019-05-19 21:00,4.33
2019-05-19 22:00,3.92
2019-05-19 23:00,3.53
2019-05-20 0:00,3.29
2019-05-20 1:00,3.32
2019-05-20 2:00,3.53
2019-05-20 3:00,3.84
2019-05-20 4:00,4.17
2019-05-20 5:00,4.37
2019-05-20 6:00,4.31
2019-05-20 7:00,3.93
2019-05-20 8:00,3.35
2019-05-20 9:00,2.6
2019-05-20 10:00,1.8
2019-05-20 11:00,1.11
2019-05-20 12:00,0.68
2019-05-20 13:00,0.69
2019-05-20 14:00,1.12
2019-05-20 15:00,1.79
2019-05-20 16:00,2.63
2019-05-20 17:00,3.51
2019-05-20 18:00,4.24
2019-05-20 19:00,4.66
2019-05-20 20:00,4.76
2019-05-20 21:00,4.61
2019-05-20 22:00,4.29
2019-05-20 23:00,3.89
2019-05-21 0:00,3.54
2019-05-21 1:00,3.35
2019-05-21 2:00,3.41
2019-05-21 3:00,3.62
2019-05-21 4:00,3.87
2019-05-21 5:00,4.12
2019-05-21 6:00,4.21
2019-05-21 7:00,4.03
2019-05-21 8:00,3.58
2019-05-21 9:00,2.96
2019-05-21 10:00,2.23
2019-05-21 11:00,1.51
2019-05-21 12:00,0.94
2019-05-21 13:00,0.68
2019-05-21 14:00,0.86
2019-05-21 15:00,1.35
2019-05-21 16:00,2.09
2019-05-21 17:00,2.94
2019-05-21 18:00,3.77
2019-05-21 19:00,4.38
2019-05-21 20:00,4.73
2019-05-21 21:00,4.76
2019-05-21 22:00,4.59
2019-05-21 23:00,4.26
2019-05-22 0:00,3.87
2019-05-22 1:00,3.56
2019-05-22 2:00,3.4
2019-05-22 3:00,3.45
2019-05-22 4:00,3.59
2019-05-22 5:00,3.78
2019-05-22 6:00,3.94
2019-05-22 7:00,3.93
2019-05-22 8:00,3.66
2019-05-22 9:00,3.18
2019-05-22 10:00,2.57
2019-05-22 11:00,1.88
2019-05-22 12:00,1.26
2019-05-22 13:00,0.82
2019-05-22 14:00,0.75
2019-05-22 15:00,1.05
2019-05-22 16:00,1.6
2019-05-22 17:00,2.35
2019-05-22 18:00,3.17
2019-05-22 19:00,3.9
2019-05-22 20:00,4.44
2019-05-22 21:00,4.69
2019-05-22 22:00,4.66
2019-05-22 23:00,4.47
2019-05-23 0:00,4.13
2019-05-23 1:00,3.78
2019-05-23 2:00,3.49
2019-05-23 3:00,3.33
2019-05-23 4:00,3.35
2019-05-23 5:00,3.47
2019-05-23 6:00,3.61
2019-05-23 7:00,3.69
2019-05-23 8:00,3.6
2019-05-23 9:00,3.31
2019-05-23 10:00,2.85
2019-05-23 11:00,2.3
2019-05-23 12:00,1.73
2019-05-23 13:00,1.24
2019-05-23 14:00,0.97
2019-05-23 15:00,1.03
2019-05-23 16:00,1.38
2019-05-23 17:00,1.97
2019-05-23 18:00,2.68
2019-05-23 19:00,3.4
2019-05-23 20:00,4.05
2019-05-23 21:00,4.5
2019-05-23 22:00,4.66
2019-05-23 23:00,4.6
2019-05-24 0:00,4.4
2019-05-24 1:00,4.07
2019-05-24 2:00,3.74
2019-05-24 3:00,3.46
2019-05-24 4:00,3.34
2019-05-24 5:00,3.35
2019-05-24 6:00,3.42
2019-05-24 7:00,3.49
2019-05-24 8:00,3.53
2019-05-24 9:00,3.41
2019-05-24 10:00,3.13
2019-05-24 11:00,2.71
2019-05-24 12:00,2.23
2019-05-24 13:00,1.75
2019-05-24 14:00,1.36
2019-05-24 15:00,1.2
2019-05-24 16:00,1.35
2019-05-24 17:00,1.69
2019-05-24 18:00,2.22
2019-05-24 19:00,2.85
2019-05-24 20:00,3.5
2019-05-24 21:00,4.03
2019-05-24 22:00,4.38
2019-05-24 23:00,4.47
2019-05-25 0:00,4.39
2019-05-25 1:00,4.13
2019-05-25 2:00,3.81
2019-05-25 3:00,3.47
2019-05-25 4:00,3.2
2019-05-25 5:00,3.09
2019-05-25 6:00,3.09
2019-05-25 7:00,3.14
2019-05-25 8:00,3.23
2019-05-25 9:00,3.27
2019-05-25 10:00,3.17
2019-05-25 11:00,2.94
2019-05-25 12:00,2.61
2019-05-25 13:00,2.23
2019-05-25 14:00,1.86
2019-05-25 15:00,1.57
2019-05-25 16:00,1.49
2019-05-25 17:00,1.66
2019-05-25 18:00,2
2019-05-25 19:00,2.49
2019-05-25 20:00,3.06
2019-05-25 21:00,3.63
2019-05-25 22:00,4.07
2019-05-25 23:00,4.34
2019-05-26 0:00,4.38
2019-05-26 1:00,4.25
2019-05-26 2:00,3.98
2019-05-26 3:00,3.62
2019-05-26 4:00,3.28
2019-05-26 5:00,3.01
2019-05-26 6:00,2.86
2019-05-26 7:00,2.84
2019-05-26 8:00,2.91
2019-05-26 9:00,3
2019-05-26 10:00,3.06
2019-05-26 11:00,3.03
2019-05-26 12:00,2.9
2019-05-26 13:00,2.67
2019-05-26 14:00,2.39
2019-05-26 15:00,2.1
2019-05-26 16:00,1.89
2019-05-26 17:00,1.84
2019-05-26 18:00,1.99
2019-05-26 19:00,2.3
2019-05-26 20:00,2.75
2019-05-26 21:00,3.27
2019-05-26 22:00,3.74
2019-05-26 23:00,4.12
2019-05-27 0:00,4.33
2019-05-27 1:00,4.28
2019-05-27 2:00,4.09
2019-05-27 3:00,3.78
2019-05-27 4:00,3.39
2019-05-27 5:00,3.01
2019-05-27 6:00,2.72
2019-05-27 7:00,2.57
2019-05-27 8:00,2.55
2019-05-27 9:00,2.63
2019-05-27 10:00,2.77
2019-05-27 11:00,2.9
2019-05-27 12:00,2.96
2019-05-27 13:00,2.9
2019-05-27 14:00,2.74
2019-05-27 15:00,2.53
2019-05-27 16:00,2.3
2019-05-27 17:00,2.13
2019-05-27 18:00,2.09
2019-05-27 19:00,2.22
2019-05-27 20:00,2.54
2019-05-27 21:00,2.96
2019-05-27 22:00,3.44
2019-05-27 23:00,3.87
2019-05-28 0:00,4.18
2019-05-28 1:00,4.3
2019-05-28 2:00,4.2
2019-05-28 3:00,3.93
2019-05-28 4:00,3.54
2019-05-28 5:00,3.09
2019-05-28 6:00,2.67
2019-05-28 7:00,2.36
2019-05-28 8:00,2.22
2019-05-28 9:00,2.28
2019-05-28 10:00,2.43
2019-05-28 11:00,2.65
2019-05-28 12:00,2.86
2019-05-28 13:00,3.01
2019-05-28 14:00,3.02
2019-05-28 15:00,2.87
2019-05-28 16:00,2.68
2019-05-28 17:00,2.47
2019-05-28 18:00,2.3
2019-05-28 19:00,2.23
2019-05-28 20:00,2.36
2019-05-28 21:00,2.66
2019-05-28 22:00,3.06
2019-05-28 23:00,3.52
2019-05-29 0:00,3.91
2019-05-29 1:00,4.16
2019-05-29 2:00,4.19
2019-05-29 3:00,4.01
2019-05-29 4:00,3.66
2019-05-29 5:00,3.2
2019-05-29 6:00,2.71
2019-05-29 7:00,2.29
2019-05-29 8:00,1.99
2019-05-29 9:00,1.92
2019-05-29 10:00,2.07
2019-05-29 11:00,2.33
2019-05-29 12:00,2.67
2019-05-29 13:00,2.99
2019-05-29 14:00,3.21
2019-05-29 15:00,3.25
2019-05-29 16:00,3.15
2019-05-29 17:00,2.98
2019-05-29 18:00,2.72
2019-05-29 19:00,2.56
2019-05-29 20:00,2.52
2019-05-29 21:00,2.64
2019-05-29 22:00,2.94
2019-05-29 23:00,3.34
2019-05-30 0:00,3.74
2019-05-30 1:00,4.06
2019-05-30 2:00,4.21
2019-05-30 3:00,4.11
2019-05-30 4:00,3.81
2019-05-30 5:00,3.35
2019-05-30 6:00,2.8
2019-05-30 7:00,2.26
2019-05-30 8:00,1.83
2019-05-30 9:00,1.61
2019-05-30 10:00,1.67
2019-05-30 11:00,1.95
2019-05-30 12:00,2.36
2019-05-30 13:00,2.83
2019-05-30 14:00,3.23
2019-05-30 15:00,3.48
2019-05-30 16:00,3.53
2019-05-30 17:00,3.41
2019-05-30 18:00,3.21
2019-05-30 19:00,2.95
2019-05-30 20:00,2.76
2019-05-30 21:00,2.72
2019-05-30 22:00,2.85
2019-05-30 23:00,3.17
2019-05-31 0:00,3.55
2019-05-31 1:00,3.91
2019-05-31 2:00,4.15
2019-05-31 3:00,4.16
2019-05-31 4:00,3.92
2019-05-31 5:00,3.49
2019-05-31 6:00,2.91
2019-05-31 7:00,2.28
2019-05-31 8:00,1.72
2019-05-31 9:00,1.32
2019-05-31 10:00,1.24
2019-05-31 11:00,1.46
2019-05-31 12:00,1.88
2019-05-31 13:00,2.45
2019-05-31 14:00,3.02
2019-05-31 15:00,3.47
2019-05-31 16:00,3.73
2019-05-31 17:00,3.75
2019-05-31 18:00,3.6
2019-05-31 19:00,3.34
2019-05-31 20:00,3.06
2019-05-31 21:00,2.86
2019-05-31 22:00,2.84
2019-05-31 23:00,3.03
2019-06-01 0:00,3.34
2019-06-01 1:00,3.7
2019-06-01 2:00,4.02
2019-06-01 3:00,4.16
2019-06-01 4:00,4.04
2019-06-01 5:00,3.67
2019-06-01 6:00,3.13
2019-06-01 7:00,2.47
2019-06-01 8:00,1.79
2019-06-01 9:00,1.23
2019-06-01 10:00,0.96
2019-06-01 11:00,1.04
2019-06-01 12:00,1.42
2019-06-01 13:00,1.99
2019-06-01 14:00,2.66
2019-06-01 15:00,3.33
2019-06-01 16:00,3.79
2019-06-01 17:00,4.01
2019-06-01 18:00,3.95
2019-06-01 19:00,3.76
2019-06-01 20:00,3.46
2019-06-01 21:00,3.16
2019-06-01 22:00,2.97
2019-06-01 23:00,3.02
2019-06-02 0:00,3.26
2019-06-02 1:00,3.54
2019-06-02 2:00,3.9
2019-06-02 3:00,4.15
2019-06-02 4:00,4.17
2019-06-02 5:00,3.89
2019-06-02 6:00,3.39
2019-06-02 7:00,2.74
2019-06-02 8:00,1.99
2019-06-02 9:00,1.3
2019-06-02 10:00,0.81
2019-06-02 11:00,0.69
2019-06-02 12:00,0.97
2019-06-02 13:00,1.51
2019-06-02 14:00,2.23
2019-06-02 15:00,3.02
2019-06-02 16:00,3.69
2019-06-02 17:00,4.17
2019-06-02 18:00,4.32
2019-06-02 19:00,4.19
2019-06-02 20:00,3.94
2019-06-02 21:00,3.61
2019-06-02 22:00,3.3
2019-06-02 23:00,3.15
2019-06-03 0:00,3.23
2019-06-03 1:00,3.47
2019-06-03 2:00,3.79
2019-06-03 3:00,4.1
2019-06-03 4:00,4.23
2019-06-03 5:00,4.12
2019-06-03 6:00,3.71
2019-06-03 7:00,3.08
2019-06-03 8:00,2.32
2019-06-03 9:00,1.52
2019-06-03 10:00,0.85
2019-06-03 11:00,0.47
2019-06-03 12:00,0.52
2019-06-03 13:00,0.94
2019-06-03 14:00,1.62
2019-06-03 15:00,2.45
2019-06-03 16:00,3.26
2019-06-03 17:00,3.94
2019-06-03 18:00,4.34
2019-06-03 19:00,4.39
2019-06-03 20:00,4.25
2019-06-03 21:00,3.94
2019-06-03 22:00,3.59
2019-06-03 23:00,3.29
2019-06-04 0:00,3.18
2019-06-04 1:00,3.31
2019-06-04 2:00,3.55
2019-06-04 3:00,3.84
2019-06-04 4:00,4.11
2019-06-04 5:00,4.16
2019-06-04 6:00,3.89
2019-06-04 7:00,3.38
2019-06-04 8:00,2.7
2019-06-04 9:00,1.89
2019-06-04 10:00,1.1
2019-06-04 11:00,0.49
2019-06-04 12:00,0.24
2019-06-04 13:00,0.46
2019-06-04 14:00,1.02
2019-06-04 15:00,1.77
2019-06-04 16:00,2.68
2019-06-04 17:00,3.52
2019-06-04 18:00,4.15
2019-06-04 19:00,4.46
2019-06-04 20:00,4.48
2019-06-04 21:00,4.29
2019-06-04 22:00,3.96
2019-06-04 23:00,3.62
2019-06-05 0:00,3.36
2019-06-05 1:00,3.29
2019-06-05 2:00,3.45
2019-06-05 3:00,3.69
2019-06-05 4:00,3.96
2019-06-05 5:00,4.15
2019-06-05 6:00,4.13
2019-06-05 7:00,3.77
2019-06-05 8:00,3.21
2019-06-05 9:00,2.46
2019-06-05 10:00,1.66
2019-06-05 11:00,0.92
2019-06-05 12:00,0.41
2019-06-05 13:00,0.29
2019-06-05 14:00,0.62
2019-06-05 15:00,1.26
2019-06-05 16:00,2.1
2019-06-05 17:00,3.03
2019-06-05 18:00,3.82
2019-06-05 19:00,4.39
2019-06-05 20:00,4.63
2019-06-05 21:00,4.58
2019-06-05 22:00,4.35
2019-06-05 23:00,4
2019-06-06 0:00,3.64
2019-06-06 1:00,3.41
2019-06-06 2:00,3.36
2019-06-06 3:00,3.5
2019-06-06 4:00,3.72
2019-06-06 5:00,3.96
2019-06-06 6:00,4.08
2019-06-06 7:00,3.97
2019-06-06 8:00,3.54
2019-06-06 9:00,2.95
2019-06-06 10:00,2.21
2019-06-06 11:00,1.45
2019-06-06 12:00,0.77
2019-06-06 13:00,0.36
2019-06-06 14:00,0.39
2019-06-06 15:00,0.84
2019-06-06 16:00,1.52
2019-06-06 17:00,2.38
2019-06-06 18:00,3.28
2019-06-06 19:00,4.03
2019-06-06 20:00,4.54
2019-06-06 21:00,4.69
2019-06-06 22:00,4.59
2019-06-06 23:00,4.33
2019-06-07 0:00,3.93
2019-06-07 1:00,3.57
2019-06-07 2:00,3.32
2019-06-07 3:00,3.28
2019-06-07 4:00,3.41
2019-06-07 5:00,3.61
2019-06-07 6:00,3.81
2019-06-07 7:00,3.92
2019-06-07 8:00,3.77
2019-06-07 9:00,3.36
2019-06-07 10:00,2.8
2019-06-07 11:00,2.09
2019-06-07 12:00,1.38
2019-06-07 13:00,0.78
2019-06-07 14:00,0.46
2019-06-07 15:00,0.57
2019-06-07 16:00,1.02
2019-06-07 17:00,1.73
2019-06-07 18:00,2.57
2019-06-07 19:00,3.41
2019-06-07 20:00,4.1
2019-06-07 21:00,4.55
2019-06-07 22:00,4.66
2019-06-07 23:00,4.52
2019-06-08 0:00,4.21
2019-06-08 1:00,3.81
2019-06-08 2:00,3.41
2019-06-08 3:00,3.13
2019-06-08 4:00,3.05
2019-06-08 5:00,3.13
2019-06-08 6:00,3.3
2019-06-08 7:00,3.49
2019-06-08 8:00,3.58
2019-06-08 9:00,3.43
2019-06-08 10:00,3.06
2019-06-08 11:00,2.54
2019-06-08 12:00,1.94
2019-06-08 13:00,1.31
2019-06-08 14:00,0.8
2019-06-08 15:00,0.58
2019-06-08 16:00,0.73
2019-06-08 17:00,1.18
2019-06-08 18:00,1.87
2019-06-08 19:00,2.67
2019-06-08 20:00,3.46
2019-06-08 21:00,4.09
2019-06-08 22:00,4.46
2019-06-08 23:00,4.52
2019-06-09 0:00,4.35
2019-06-09 1:00,4
2019-06-09 2:00,3.56
2019-06-09 3:00,3.13
2019-06-09 4:00,2.82
2019-06-09 5:00,2.7
2019-06-09 6:00,2.76
2019-06-09 7:00,2.93
2019-06-09 8:00,3.12
2019-06-09 9:00,3.25
2019-06-09 10:00,3.22
2019-06-09 11:00,2.97
2019-06-09 12:00,2.57
2019-06-09 13:00,2.07
2019-06-09 14:00,1.54
2019-06-09 15:00,1.14
2019-06-09 16:00,0.96
2019-06-09 17:00,1.12
2019-06-09 18:00,1.56
2019-06-09 19:00,2.18
2019-06-09 20:00,2.9
2019-06-09 21:00,3.63
2019-06-09 22:00,4.19
2019-06-09 23:00,4.5
2019-06-10 0:00,4.51
2019-06-10 1:00,4.26
2019-06-10 2:00,3.87
2019-06-10 3:00,3.36
2019-06-10 4:00,2.87
2019-06-10 5:00,2.5
2019-06-10 6:00,2.35
2019-06-10 7:00,2.41
2019-06-10 8:00,2.6
2019-06-10 9:00,2.85
2019-06-10 10:00,3.05
2019-06-10 11:00,3.11
2019-06-10 12:00,3.02
2019-06-10 13:00,2.73
2019-06-10 14:00,2.37
2019-06-10 15:00,1.92
2019-06-10 16:00,1.61
2019-06-10 17:00,1.43
2019-06-10 18:00,1.55
2019-06-10 19:00,1.93
2019-06-10 20:00,2.49
2019-06-10 21:00,3.16
2019-06-10 22:00,3.8
2019-06-10 23:00,4.29
2019-06-11 0:00,4.53
2019-06-11 1:00,4.46
2019-06-11 2:00,4.15
2019-06-11 3:00,3.67
2019-06-11 4:00,3.11
2019-06-11 5:00,2.56
2019-06-11 6:00,2.13
2019-06-11 7:00,1.96
2019-06-11 8:00,2.04
2019-06-11 9:00,2.27
2019-06-11 10:00,2.6
2019-06-11 11:00,2.93
2019-06-11 12:00,3.15
2019-06-11 13:00,3.21
2019-06-11 14:00,3.05
2019-06-11 15:00,2.77
2019-06-11 16:00,2.42
2019-06-11 17:00,2.11
2019-06-11 18:00,1.96
2019-06-11 19:00,2.03
2019-06-11 20:00,2.38
2019-06-11 21:00,2.86
2019-06-11 22:00,3.45
2019-06-11 23:00,4.02
2019-06-12 0:00,4.42
2019-06-12 1:00,4.57
2019-06-12 2:00,4.43
2019-06-12 3:00,4.04
2019-06-12 4:00,3.48
2019-06-12 5:00,2.86
2019-06-12 6:00,2.27
2019-06-12 7:00,1.84
2019-06-12 8:00,1.69
2019-06-12 9:00,1.82
2019-06-12 10:00,2.14
2019-06-12 11:00,2.61
2019-06-12 12:00,3.07
2019-06-12 13:00,3.41
2019-06-12 14:00,3.58
2019-06-12 15:00,3.52
2019-06-12 16:00,3.3
2019-06-12 17:00,3.01
2019-06-12 18:00,2.7
2019-06-12 19:00,2.52
2019-06-12 20:00,2.56
2019-06-12 21:00,2.83
2019-06-12 22:00,3.26
2019-06-12 23:00,3.78
2019-06-13 0:00,4.27
2019-06-13 1:00,4.57
2019-06-13 2:00,4.62
2019-06-13 3:00,4.37
2019-06-13 4:00,3.88
2019-06-13 5:00,3.26
2019-06-13 6:00,2.56
2019-06-13 7:00,1.93
2019-06-13 8:00,1.52
2019-06-13 9:00,1.43
2019-06-13 10:00,1.65
2019-06-13 11:00,2.09
2019-06-13 12:00,2.66
2019-06-13 13:00,3.23
2019-06-13 14:00,3.68
2019-06-13 15:00,3.92
2019-06-13 16:00,3.91
2019-06-13 17:00,3.74
2019-06-13 18:00,3.44
2019-06-13 19:00,3.13
2019-06-13 20:00,2.92
2019-06-13 21:00,2.9
2019-06-13 22:00,3.15
2019-06-13 23:00,3.56
2019-06-14 0:00,4.01
2019-06-14 1:00,4.38
2019-06-14 2:00,4.6
2019-06-14 3:00,4.51
2019-06-14 4:00,4.13
2019-06-14 5:00,3.56
2019-06-14 6:00,2.84
2019-06-14 7:00,2.08
2019-06-14 8:00,1.44
2019-06-14 9:00,1.04
2019-06-14 10:00,1.05
2019-06-14 11:00,1.39
2019-06-14 12:00,1.96
2019-06-14 13:00,2.63
2019-06-14 14:00,3.31
2019-06-14 15:00,3.84
2019-06-14 16:00,4.1
2019-06-14 17:00,4.1
2019-06-14 18:00,3.91
2019-06-14 19:00,3.59
2019-06-14 20:00,3.25
2019-06-14 21:00,3.03
2019-06-14 22:00,3.02
2019-06-14 23:00,3.25
2019-06-15 0:00,3.6
2019-06-15 1:00,3.99
2019-06-15 2:00,4.31
2019-06-15 3:00,4.42
2019-06-15 4:00,4.23
2019-06-15 5:00,3.77
2019-06-15 6:00,3.13
2019-06-15 7:00,2.38
2019-06-15 8:00,1.62
2019-06-15 9:00,1.01
2019-06-15 10:00,0.71
2019-06-15 11:00,0.83
2019-06-15 12:00,1.31
2019-06-15 13:00,1.98
2019-06-15 14:00,2.78
2019-06-15 15:00,3.51
2019-06-15 16:00,4.06
2019-06-15 17:00,4.31
2019-06-15 18:00,4.28
2019-06-15 19:00,4.07
2019-06-15 20:00,3.75
2019-06-15 21:00,3.42
2019-06-15 22:00,3.19
2019-06-15 23:00,3.21
2019-06-16 0:00,3.43
2019-06-16 1:00,3.73
2019-06-16 2:00,4.07
2019-06-16 3:00,4.3
2019-06-16 4:00,4.3
2019-06-16 5:00,4
2019-06-16 6:00,3.46
2019-06-16 7:00,2.77
2019-06-16 8:00,1.98
2019-06-16 9:00,1.22
2019-06-16 10:00,0.7
2019-06-16 11:00,0.53
2019-06-16 12:00,0.82
2019-06-16 13:00,1.4
2019-06-16 14:00,2.16
2019-06-16 15:00,3.02
2019-06-16 16:00,3.76
2019-06-16 17:00,4.29
2019-06-16 18:00,4.5
2019-06-16 19:00,4.43
2019-06-16 20:00,4.2
2019-06-16 21:00,3.84
2019-06-16 22:00,3.5
2019-06-16 23:00,3.3
2019-06-17 0:00,3.32
2019-06-17 1:00,3.52
2019-06-17 2:00,3.79
2019-06-17 3:00,4.07
2019-06-17 4:00,4.21
2019-06-17 5:00,4.1
2019-06-17 6:00,3.7
2019-06-17 7:00,3.12
2019-06-17 8:00,2.38
2019-06-17 9:00,1.6
2019-06-17 10:00,0.91
2019-06-17 11:00,0.49
2019-06-17 12:00,0.51
2019-06-17 13:00,0.94
2019-06-17 14:00,1.59
2019-06-17 15:00,2.43
2019-06-17 16:00,3.29
2019-06-17 17:00,4
2019-06-17 18:00,4.45
2019-06-17 19:00,4.58
2019-06-17 20:00,4.45
2019-06-17 21:00,4.18
2019-06-17 22:00,3.81
2019-06-17 23:00,3.49
2019-06-18 0:00,3.33
2019-06-18 1:00,3.36
2019-06-18 2:00,3.53
2019-06-18 3:00,3.79
2019-06-18 4:00,4.02
2019-06-18 5:00,4.06
2019-06-18 6:00,3.9
2019-06-18 7:00,3.41
2019-06-18 8:00,2.77
2019-06-18 9:00,2.05
2019-06-18 10:00,1.29
2019-06-18 11:00,0.7
2019-06-18 12:00,0.47
2019-06-18 13:00,0.64
2019-06-18 14:00,1.16
2019-06-18 15:00,1.9
2019-06-18 16:00,2.76
2019-06-18 17:00,3.59
2019-06-18 18:00,4.21
2019-06-18 19:00,4.58
2019-06-18 20:00,4.59
2019-06-18 21:00,4.42
2019-06-18 22:00,4.1
2019-06-18 23:00,3.73
2019-06-19 0:00,3.43
2019-06-19 1:00,3.33
2019-06-19 2:00,3.42
2019-06-19 3:00,3.6
2019-06-19 4:00,3.8
2019-06-19 5:00,3.97
2019-06-19 6:00,3.93
2019-06-19 7:00,3.63
2019-06-19 8:00,3.12
2019-06-19 9:00,2.48
2019-06-19 10:00,1.75
2019-06-19 11:00,1.1
2019-06-19 12:00,0.65
2019-06-19 13:00,0.58
2019-06-19 14:00,0.91
2019-06-19 15:00,1.49
2019-06-19 16:00,2.27
2019-06-19 17:00,3.11
2019-06-19 18:00,3.88
2019-06-19 19:00,4.4
2019-06-19 20:00,4.63
2019-06-19 21:00,4.56
2019-06-19 22:00,4.34
2019-06-19 23:00,3.99
2019-06-20 0:00,3.64
2019-06-20 1:00,3.4
2019-06-20 2:00,3.35
2019-06-20 3:00,3.45
2019-06-20 4:00,3.6
2019-06-20 5:00,3.77
2019-06-20 6:00,3.83
2019-06-20 7:00,3.72
2019-06-20 8:00,3.37
2019-06-20 9:00,2.85
2019-06-20 10:00,2.2
2019-06-20 11:00,1.55
2019-06-20 12:00,1.01
2019-06-20 13:00,0.73
2019-06-20 14:00,0.82
2019-06-20 15:00,1.24
2019-06-20 16:00,1.87
2019-06-20 17:00,2.65
2019-06-20 18:00,3.42
2019-06-20 19:00,4.08
2019-06-20 20:00,4.49
2019-06-20 21:00,4.58
2019-06-20 22:00,4.45
2019-06-20 23:00,4.19
2019-06-21 0:00,3.84
2019-06-21 1:00,3.5
2019-06-21 2:00,3.29
2019-06-21 3:00,3.24
2019-06-21 4:00,3.35
2019-06-21 5:00,3.51
2019-06-21 6:00,3.64
2019-06-21 7:00,3.68
2019-06-21 8:00,3.5
2019-06-21 9:00,3.15
2019-06-21 10:00,2.63
2019-06-21 11:00,2.05
2019-06-21 12:00,1.49
2019-06-21 13:00,1.06
2019-06-21 14:00,0.9
2019-06-21 15:00,1.09
2019-06-21 16:00,1.53
2019-06-21 17:00,2.18
2019-06-21 18:00,2.92
2019-06-21 19:00,3.61
2019-06-21 20:00,4.14
2019-06-21 21:00,4.41
2019-06-21 22:00,4.43
2019-06-21 23:00,4.25
2019-06-22 0:00,3.95
2019-06-22 1:00,3.59
2019-06-22 2:00,3.29
2019-06-22 3:00,3.1
2019-06-22 4:00,3.07
2019-06-22 5:00,3.15
2019-06-22 6:00,3.3
2019-06-22 7:00,3.42
2019-06-22 8:00,3.41
2019-06-22 9:00,3.22
2019-06-22 10:00,2.88
2019-06-22 11:00,2.42
2019-06-22 12:00,1.92
2019-06-22 13:00,1.48
2019-06-22 14:00,1.21
2019-06-22 15:00,1.19
2019-06-22 16:00,1.46
2019-06-22 17:00,1.95
2019-06-22 18:00,2.56
2019-06-22 19:00,3.23
2019-06-22 20:00,3.83
2019-06-22 21:00,4.25
2019-06-22 22:00,4.41
2019-06-22 23:00,4.33
2019-06-23 0:00,4.11
2019-06-23 1:00,3.77
2019-06-23 2:00,3.4
2019-06-23 3:00,3.09
2019-06-23 4:00,2.92
2019-06-23 5:00,2.89
2019-06-23 6:00,2.97
2019-06-23 7:00,3.1
2019-06-23 8:00,3.21
2019-06-23 9:00,3.2
2019-06-23 10:00,3.03
2019-06-23 11:00,2.73
2019-06-23 12:00,2.36
2019-06-23 13:00,1.96
2019-06-23 14:00,1.63
2019-06-23 15:00,1.47
2019-06-23 16:00,1.55
2019-06-23 17:00,1.88
2019-06-23 18:00,2.36
2019-06-23 19:00,2.95
2019-06-23 20:00,3.53
2019-06-23 21:00,4.02
2019-06-23 22:00,4.31
2019-06-23 23:00,4.37
2019-06-24 0:00,4.23
2019-06-24 1:00,3.95
2019-06-24 2:00,3.57
2019-06-24 3:00,3.18
2019-06-24 4:00,2.88
2019-06-24 5:00,2.71
2019-06-24 6:00,2.7
2019-06-24 7:00,2.79
2019-06-24 8:00,2.91
2019-06-24 9:00,3.04
2019-06-24 10:00,3.05
2019-06-24 11:00,2.95
2019-06-24 12:00,2.73
2019-06-24 13:00,2.45
2019-06-24 14:00,2.16
2019-06-24 15:00,1.93
2019-06-24 16:00,1.85
2019-06-24 17:00,1.99
2019-06-24 18:00,2.31
2019-06-24 19:00,2.76
2019-06-24 20:00,3.29
2019-06-24 21:00,3.78
2019-06-24 22:00,4.15
2019-06-24 23:00,4.34
2019-06-25 0:00,4.3
2019-06-25 1:00,4.08
2019-06-25 2:00,3.74
2019-06-25 3:00,3.32
2019-06-25 4:00,2.91
2019-06-25 5:00,2.59
2019-06-25 6:00,2.43
2019-06-25 7:00,2.45
2019-06-25 8:00,2.56
2019-06-25 9:00,2.75
2019-06-25 10:00,2.93
2019-06-25 11:00,3.01
2019-06-25 12:00,3.02
2019-06-25 13:00,2.88
2019-06-25 14:00,2.68
2019-06-25 15:00,2.47
2019-06-25 16:00,2.3
2019-06-25 17:00,2.27
2019-06-25 18:00,2.41
2019-06-25 19:00,2.7
2019-06-25 20:00,3.1
2019-06-25 21:00,3.55
2019-06-25 22:00,3.95
2019-06-25 23:00,4.24
2019-06-26 0:00,4.33
2019-06-26 1:00,4.2
2019-06-26 2:00,3.91
2019-06-26 3:00,3.49
2019-06-26 4:00,3.03
2019-06-26 5:00,2.59
2019-06-26 6:00,2.28
2019-06-26 7:00,2.13
2019-06-26 8:00,2.21
2019-06-26 9:00,2.38
2019-06-26 10:00,2.64
2019-06-26 11:00,2.88
2019-06-26 12:00,3.06
2019-06-26 13:00,3.14
2019-06-26 14:00,3.08
2019-06-26 15:00,2.96
2019-06-26 16:00,2.8
2019-06-26 17:00,2.68
2019-06-26 18:00,2.66
2019-06-26 19:00,2.78
2019-06-26 20:00,3.03
2019-06-26 21:00,3.39
2019-06-26 22:00,3.79
2019-06-26 23:00,4.1
2019-06-27 0:00,4.31
2019-06-27 1:00,4.29
2019-06-27 2:00,4.07
2019-06-27 3:00,3.71
2019-06-27 4:00,3.22
2019-06-27 5:00,2.71
2019-06-27 6:00,2.26
2019-06-27 7:00,1.96
2019-06-27 8:00,1.88
2019-06-27 9:00,2.01
2019-06-27 10:00,2.27
2019-06-27 11:00,2.64
2019-06-27 12:00,2.98
2019-06-27 13:00,3.24
2019-06-27 14:00,3.38
2019-06-27 15:00,3.36
2019-06-27 16:00,3.23
2019-06-27 17:00,3.08
2019-06-27 18:00,2.94
2019-06-27 19:00,2.87
2019-06-27 20:00,2.98
2019-06-27 21:00,3.2
2019-06-27 22:00,3.51
2019-06-27 23:00,3.86
2019-06-28 0:00,4.12
2019-06-28 1:00,4.23
2019-06-28 2:00,4.13
2019-06-28 3:00,3.82
2019-06-28 4:00,3.36
2019-06-28 5:00,2.81
2019-06-28 6:00,2.25
2019-06-28 7:00,1.79
2019-06-28 8:00,1.53
2019-06-28 9:00,1.54
2019-06-28 10:00,1.78
2019-06-28 11:00,2.16
2019-06-28 12:00,2.65
2019-06-28 13:00,3.11
2019-06-28 14:00,3.47
2019-06-28 15:00,3.66
2019-06-28 16:00,3.67
2019-06-28 17:00,3.56
2019-06-28 18:00,3.38
2019-06-28 19:00,3.21
2019-06-28 20:00,3.12
2019-06-28 21:00,3.19
2019-06-28 22:00,3.41
2019-06-28 23:00,3.69
2019-06-29 0:00,3.99
2019-06-29 1:00,4.19
2019-06-29 2:00,4.22
2019-06-29 3:00,4.01
2019-06-29 4:00,3.59
2019-06-29 5:00,3.04
2019-06-29 6:00,2.41
2019-06-29 7:00,1.81
2019-06-29 8:00,1.36
2019-06-29 9:00,1.16
2019-06-29 10:00,1.28
2019-06-29 11:00,1.65
2019-06-29 12:00,2.17
2019-06-29 13:00,2.79
2019-06-29 14:00,3.32
2019-06-29 15:00,3.72
2019-06-29 16:00,3.91
2019-06-29 17:00,3.88
2019-06-29 18:00,3.74
2019-06-29 19:00,3.53
2019-06-29 20:00,3.33
2019-06-29 21:00,3.24
2019-06-29 22:00,3.32
2019-06-29 23:00,3.56
2019-06-30 0:00,3.85
2019-06-30 1:00,4.13
2019-06-30 2:00,4.29
2019-06-30 3:00,4.22
2019-06-30 4:00,3.89
2019-06-30 5:00,3.35
2019-06-30 6:00,2.7
2019-06-30 7:00,1.99
2019-06-30 8:00,1.34
2019-06-30 9:00,0.91
2019-06-30 10:00,0.82
2019-06-30 11:00,1.08
2019-06-30 12:00,1.6
2019-06-30 13:00,2.26
2019-06-30 14:00,2.97
2019-06-30 15:00,3.6
2019-06-30 16:00,4
2019-06-30 17:00,4.18
2019-06-30 18:00,4.12
2019-06-30 19:00,3.94
2019-06-30 20:00,3.71
2019-06-30 21:00,3.49
2019-06-30 22:00,3.43
2019-06-30 23:00,3.55
2019-07-01 0:00,3.8
2019-07-01 1:00,4.09
2019-07-01 2:00,4.36
2019-07-01 3:00,4.44
2019-07-01 4:00,4.25
2019-07-01 5:00,3.78
2019-07-01 6:00,3.15
2019-07-01 7:00,2.41
2019-07-01 8:00,1.62
2019-07-01 9:00,0.97
2019-07-01 10:00,0.61
2019-07-01 11:00,0.64
2019-07-01 12:00,1.07
2019-07-01 13:00,1.72
2019-07-01 14:00,2.52
2019-07-01 15:00,3.31
2019-07-01 16:00,3.96
2019-07-01 17:00,4.36
2019-07-01 18:00,4.45
2019-07-01 19:00,4.35
2019-07-01 20:00,4.1
2019-07-01 21:00,3.8
2019-07-01 22:00,3.58
2019-07-01 23:00,3.52
2019-07-02 0:00,3.67
2019-07-02 1:00,3.92
2019-07-02 2:00,4.21
2019-07-02 3:00,4.42
2019-07-02 4:00,4.42
2019-07-02 5:00,4.11
2019-07-02 6:00,3.56
2019-07-02 7:00,2.83
2019-07-02 8:00,2
2019-07-02 9:00,1.2
2019-07-02 10:00,0.56
2019-07-02 11:00,0.3
2019-07-02 12:00,0.52
2019-07-02 13:00,1.03
2019-07-02 14:00,1.8
2019-07-02 15:00,2.71
2019-07-02 16:00,3.54
2019-07-02 17:00,4.19
2019-07-02 18:00,4.52
2019-07-02 19:00,4.54
2019-07-02 20:00,4.37
2019-07-02 21:00,4.06
2019-07-02 22:00,3.74
2019-07-02 23:00,3.48
2019-07-03 0:00,3.46
2019-07-03 1:00,3.63
2019-07-03 2:00,3.89
2019-07-03 3:00,4.18
2019-07-03 4:00,4.36
2019-07-03 5:00,4.29
2019-07-03 6:00,3.93
2019-07-03 7:00,3.31
2019-07-03 8:00,2.54
2019-07-03 9:00,1.68
2019-07-03 10:00,0.88
2019-07-03 11:00,0.31
2019-07-03 12:00,0.18
2019-07-03 13:00,0.53
2019-07-03 14:00,1.17
2019-07-03 15:00,2.01
2019-07-03 16:00,2.97
2019-07-03 17:00,3.82
2019-07-03 18:00,4.41
2019-07-03 19:00,4.66
2019-07-03 20:00,4.61
2019-07-03 21:00,4.37
2019-07-03 22:00,4.02
2019-07-03 23:00,3.66
2019-07-04 0:00,3.42
2019-07-04 1:00,3.43
2019-07-04 2:00,3.62
2019-07-04 3:00,3.89
2019-07-04 4:00,4.18
2019-07-04 5:00,4.33
2019-07-04 6:00,4.21
2019-07-04 7:00,3.78
2019-07-04 8:00,3.12
2019-07-04 9:00,2.32
2019-07-04 10:00,1.44
2019-07-04 11:00,0.69
2019-07-04 12:00,0.22
2019-07-04 13:00,0.22
2019-07-04 14:00,0.67
2019-07-04 15:00,1.38
2019-07-04 16:00,2.31
2019-07-04 17:00,3.27
2019-07-04 18:00,4.06
2019-07-04 19:00,4.58
2019-07-04 20:00,4.73
2019-07-04 21:00,4.59
2019-07-04 22:00,4.3
2019-07-04 23:00,3.87
2019-07-05 0:00,3.5
2019-07-05 1:00,3.28
2019-07-05 2:00,3.3
2019-07-05 3:00,3.51
2019-07-05 4:00,3.8
2019-07-05 5:00,4.07
2019-07-05 6:00,4.19
2019-07-05 7:00,4.04
2019-07-05 8:00,3.58
2019-07-05 9:00,2.92
2019-07-05 10:00,2.12
2019-07-05 11:00,1.29
2019-07-05 12:00,0.59
2019-07-05 13:00,0.23
2019-07-05 14:00,0.32
2019-07-05 15:00,0.84
2019-07-05 16:00,1.6
2019-07-05 17:00,2.55
2019-07-05 18:00,3.47
2019-07-05 19:00,4.21
2019-07-05 20:00,4.63
2019-07-05 21:00,4.69
2019-07-05 22:00,4.49
2019-07-05 23:00,4.13
2019-07-06 0:00,3.68
2019-07-06 1:00,3.27
2019-07-06 2:00,3.06
2019-07-06 3:00,3.08
2019-07-06 4:00,3.28
2019-07-06 5:00,3.56
2019-07-06 6:00,3.84
2019-07-06 7:00,3.96
2019-07-06 8:00,3.81
2019-07-06 9:00,3.38
2019-07-06 10:00,2.77
2019-07-06 11:00,2.03
2019-07-06 12:00,1.29
2019-07-06 13:00,0.71
2019-07-06 14:00,0.46
2019-07-06 15:00,0.65
2019-07-06 16:00,1.2
2019-07-06 17:00,1.98
2019-07-06 18:00,2.88
2019-07-06 19:00,3.74
2019-07-06 20:00,4.39
2019-07-06 21:00,4.71
2019-07-06 22:00,4.69
2019-07-06 23:00,4.43
2019-07-07 0:00,4
2019-07-07 1:00,3.51
2019-07-07 2:00,3.07
2019-07-07 3:00,2.83
2019-07-07 4:00,2.83
2019-07-07 5:00,3.02
2019-07-07 6:00,3.31
2019-07-07 7:00,3.6
2019-07-07 8:00,3.74
2019-07-07 9:00,3.65
2019-07-07 10:00,3.28
2019-07-07 11:00,2.76
2019-07-07 12:00,2.14
2019-07-07 13:00,1.5
2019-07-07 14:00,1.03
2019-07-07 15:00,0.88
2019-07-07 16:00,1.12
2019-07-07 17:00,1.67
2019-07-07 18:00,2.4
2019-07-07 19:00,3.22
2019-07-07 20:00,3.97
2019-07-07 21:00,4.52
2019-07-07 22:00,4.75
2019-07-07 23:00,4.64
2019-07-08 0:00,4.31
2019-07-08 1:00,3.82
2019-07-08 2:00,3.29
2019-07-08 3:00,2.81
2019-07-08 4:00,2.54
2019-07-08 5:00,2.5
2019-07-08 6:00,2.67
2019-07-08 7:00,2.95
2019-07-08 8:00,3.27
2019-07-08 9:00,3.46
2019-07-08 10:00,3.47
2019-07-08 11:00,3.23
2019-07-08 12:00,2.82
2019-07-08 13:00,2.34
2019-07-08 14:00,1.84
2019-07-08 15:00,1.47
2019-07-08 16:00,1.4
2019-07-08 17:00,1.67
2019-07-08 18:00,2.16
2019-07-08 19:00,2.82
2019-07-08 20:00,3.54
2019-07-08 21:00,4.19
2019-07-08 22:00,4.62
2019-07-08 23:00,4.72
2019-07-09 0:00,4.54
2019-07-09 1:00,4.13
2019-07-09 2:00,3.57
2019-07-09 3:00,2.98
2019-07-09 4:00,2.45
2019-07-09 5:00,2.14
2019-07-09 6:00,2.1
2019-07-09 7:00,2.27
2019-07-09 8:00,2.58
2019-07-09 9:00,2.96
2019-07-09 10:00,3.24
2019-07-09 11:00,3.38
2019-07-09 12:00,3.3
2019-07-09 13:00,3.06
2019-07-09 14:00,2.73
2019-07-09 15:00,2.36
2019-07-09 16:00,2.12
2019-07-09 17:00,2.07
2019-07-09 18:00,2.29
2019-07-09 19:00,2.7
2019-07-09 20:00,3.25
2019-07-09 21:00,3.84
2019-07-09 22:00,4.34
2019-07-09 23:00,4.64
2019-07-10 0:00,4.62
2019-07-10 1:00,4.36
2019-07-10 2:00,3.88
2019-07-10 3:00,3.28
2019-07-10 4:00,2.66
2019-07-10 5:00,2.13
2019-07-10 6:00,1.8
2019-07-10 7:00,1.78
2019-07-10 8:00,1.99
2019-07-10 9:00,2.36
2019-07-10 10:00,2.82
2019-07-10 11:00,3.19
2019-07-10 12:00,3.49
2019-07-10 13:00,3.53
2019-07-10 14:00,3.4
2019-07-10 15:00,3.2
2019-07-10 16:00,2.9
2019-07-10 17:00,2.67
2019-07-10 18:00,2.6
2019-07-10 19:00,2.76
2019-07-10 20:00,3.07
2019-07-10 21:00,3.52
2019-07-10 22:00,3.98
2019-07-10 23:00,4.35
2019-07-11 0:00,4.55
2019-07-11 1:00,4.45
2019-07-11 2:00,4.11
2019-07-11 3:00,3.59
2019-07-11 4:00,2.93
2019-07-11 5:00,2.29
2019-07-11 6:00,1.76
2019-07-11 7:00,1.43
2019-07-11 8:00,1.43
2019-07-11 9:00,1.69
2019-07-11 10:00,2.11
2019-07-11 11:00,2.63
2019-07-11 12:00,3.14
2019-07-11 13:00,3.49
2019-07-11 14:00,3.68
2019-07-11 15:00,3.65
2019-07-11 16:00,3.51
2019-07-11 17:00,3.28
2019-07-11 18:00,3.07
2019-07-11 19:00,2.95
2019-07-11 20:00,3.06
2019-07-11 21:00,3.31
2019-07-11 22:00,3.65
2019-07-11 23:00,4.03
2019-07-12 0:00,4.33
2019-07-12 1:00,4.41
2019-07-12 2:00,4.25
2019-07-12 3:00,3.84
2019-07-12 4:00,3.28
2019-07-12 5:00,2.6
2019-07-12 6:00,1.94
2019-07-12 7:00,1.4
2019-07-12 8:00,1.12
2019-07-12 9:00,1.18
2019-07-12 10:00,1.51
2019-07-12 11:00,2.04
2019-07-12 12:00,2.66
2019-07-12 13:00,3.27
2019-07-12 14:00,3.74
2019-07-12 15:00,3.99
2019-07-12 16:00,4.01
2019-07-12 17:00,3.88
2019-07-12 18:00,3.65
2019-07-12 19:00,3.41
2019-07-12 20:00,3.26
2019-07-12 21:00,3.29
2019-07-12 22:00,3.49
2019-07-12 23:00,3.77
2019-07-13 0:00,4.09
2019-07-13 1:00,4.32
2019-07-13 2:00,4.35
2019-07-13 3:00,4.12
2019-07-13 4:00,3.66
2019-07-13 5:00,3.04
2019-07-13 6:00,2.35
2019-07-13 7:00,1.67
2019-07-13 8:00,1.15
2019-07-13 9:00,0.93
2019-07-13 10:00,1.06
2019-07-13 11:00,1.45
2019-07-13 12:00,2.08
2019-07-13 13:00,2.79
2019-07-13 14:00,3.46
2019-07-13 15:00,3.97
2019-07-13 16:00,4.24
2019-07-13 17:00,4.24
2019-07-13 18:00,4.11
2019-07-13 19:00,3.86
2019-07-13 20:00,3.6
2019-07-13 21:00,3.43
2019-07-13 22:00,3.43
2019-07-13 23:00,3.61
2019-07-14 0:00,3.86
2019-07-14 1:00,4.13
2019-07-14 2:00,4.3
2019-07-14 3:00,4.25
2019-07-14 4:00,3.95
2019-07-14 5:00,3.43
2019-07-14 6:00,2.78
2019-07-14 7:00,2.04
2019-07-14 8:00,1.37
2019-07-14 9:00,0.9
2019-07-14 10:00,0.77
2019-07-14 11:00,1.02
2019-07-14 12:00,1.54
2019-07-14 13:00,2.25
2019-07-14 14:00,3.03
2019-07-14 15:00,3.73
2019-07-14 16:00,4.21
2019-07-14 17:00,4.45
2019-07-14 18:00,4.4
2019-07-14 19:00,4.22
2019-07-14 20:00,3.93
2019-07-14 21:00,3.64
2019-07-14 22:00,3.45
2019-07-14 23:00,3.45
2019-07-15 0:00,3.62
2019-07-15 1:00,3.84
2019-07-15 2:00,4.07
2019-07-15 3:00,4.19
2019-07-15 4:00,4.07
2019-07-15 5:00,3.69
2019-07-15 6:00,3.14
2019-07-15 7:00,2.45
2019-07-15 8:00,1.73
2019-07-15 9:00,1.09
2019-07-15 10:00,0.68
2019-07-15 11:00,0.67
2019-07-15 12:00,1.03
2019-07-15 13:00,1.64
2019-07-15 14:00,2.44
2019-07-15 15:00,3.23
2019-07-15 16:00,3.92
2019-07-15 17:00,4.38
2019-07-15 18:00,4.54
2019-07-15 19:00,4.44
2019-07-15 20:00,4.2
2019-07-15 21:00,3.87
2019-07-15 22:00,3.57
2019-07-15 23:00,3.42
2019-07-16 0:00,3.45
2019-07-16 1:00,3.63
2019-07-16 2:00,3.86
2019-07-16 3:00,4.07
2019-07-16 4:00,4.13
2019-07-16 5:00,3.94
2019-07-16 6:00,3.49
2019-07-16 7:00,2.88
2019-07-16 8:00,2.18
2019-07-16 9:00,1.47
2019-07-16 10:00,0.91
2019-07-16 11:00,0.64
2019-07-16 12:00,0.76
2019-07-16 13:00,1.24
2019-07-16 14:00,1.95
2019-07-16 15:00,2.77
2019-07-16 16:00,3.6
2019-07-16 17:00,4.22
2019-07-16 18:00,4.58
2019-07-16 19:00,4.64
2019-07-16 20:00,4.46
2019-07-16 21:00,4.18
2019-07-16 22:00,3.82
2019-07-16 23:00,3.53
2019-07-17 0:00,3.41
2019-07-17 1:00,3.49
2019-07-17 2:00,3.69
2019-07-17 3:00,3.89
2019-07-17 4:00,4.08
2019-07-17 5:00,4.07
2019-07-17 6:00,3.8
2019-07-17 7:00,3.3
2019-07-17 8:00,2.7
2019-07-17 9:00,1.98
2019-07-17 10:00,1.33
2019-07-17 11:00,0.88
2019-07-17 12:00,0.75
2019-07-17 13:00,1.06
2019-07-17 14:00,1.6
2019-07-17 15:00,2.37
2019-07-17 16:00,3.2
2019-07-17 17:00,3.94
2019-07-17 18:00,4.47
2019-07-17 19:00,4.69
2019-07-17 20:00,4.62
2019-07-17 21:00,4.37
2019-07-17 22:00,4
2019-07-17 23:00,3.65
2019-07-18 0:00,3.39
2019-07-18 1:00,3.32
2019-07-18 2:00,3.45
2019-07-18 3:00,3.66
2019-07-18 4:00,3.88
2019-07-18 5:00,4.02
2019-07-18 6:00,3.94
2019-07-18 7:00,3.59
2019-07-18 8:00,3.07
2019-07-18 9:00,2.42
2019-07-18 10:00,1.72
2019-07-18 11:00,1.13
2019-07-18 12:00,0.79
2019-07-18 13:00,0.82
2019-07-18 14:00,1.23
2019-07-18 15:00,1.86
2019-07-18 16:00,2.65
2019-07-18 17:00,3.45
2019-07-18 18:00,4.11
2019-07-18 19:00,4.5
2019-07-18 20:00,4.59
2019-07-18 21:00,4.45
2019-07-18 22:00,4.14
2019-07-18 23:00,3.77
2019-07-19 0:00,3.44
2019-07-19 1:00,3.24
2019-07-19 2:00,3.26
2019-07-19 3:00,3.42
2019-07-19 4:00,3.61
2019-07-19 5:00,3.8
2019-07-19 6:00,3.88
2019-07-19 7:00,3.72
2019-07-19 8:00,3.32
2019-07-19 9:00,2.78
2019-07-19 10:00,2.14
2019-07-19 11:00,1.52
2019-07-19 12:00,1.06
2019-07-19 13:00,0.88
2019-07-19 14:00,1.1
2019-07-19 15:00,1.59
2019-07-19 16:00,2.28
2019-07-19 17:00,3.06
2019-07-19 18:00,3.77
2019-07-19 19:00,4.29
2019-07-19 20:00,4.55
2019-07-19 21:00,4.5
2019-07-19 22:00,4.27
2019-07-19 23:00,3.91
2019-07-20 0:00,3.52
2019-07-20 1:00,3.21
2019-07-20 2:00,3.07
2019-07-20 3:00,3.12
2019-07-20 4:00,3.28
2019-07-20 5:00,3.51
2019-07-20 6:00,3.66
2019-07-20 7:00,3.67
2019-07-20 8:00,3.47
2019-07-20 9:00,3.05
2019-07-20 10:00,2.52
2019-07-20 11:00,1.94
2019-07-20 12:00,1.43
2019-07-20 13:00,1.11
2019-07-20 14:00,1.12
2019-07-20 15:00,1.46
2019-07-20 16:00,2.01
2019-07-20 17:00,2.7
2019-07-20 18:00,3.41
2019-07-20 19:00,4.02
2019-07-20 20:00,4.4
2019-07-20 21:00,4.48
2019-07-20 22:00,4.32
2019-07-20 23:00,4.03
2019-07-21 0:00,3.63
2019-07-21 1:00,3.25
2019-07-21 2:00,2.99
2019-07-21 3:00,2.92
2019-07-21 4:00,3.02
2019-07-21 5:00,3.2
2019-07-21 6:00,3.43
2019-07-21 7:00,3.57
2019-07-21 8:00,3.54
2019-07-21 9:00,3.3
2019-07-21 10:00,2.92
2019-07-21 11:00,2.42
2019-07-21 12:00,1.92
2019-07-21 13:00,1.54
2019-07-21 14:00,1.38
2019-07-21 15:00,1.52
2019-07-21 16:00,1.91
2019-07-21 17:00,2.47
2019-07-21 18:00,3.13
2019-07-21 19:00,3.73
2019-07-21 20:00,4.22
2019-07-21 21:00,4.45
2019-07-21 22:00,4.38
2019-07-21 23:00,4.18
2019-07-22 0:00,3.82
2019-07-22 1:00,3.41
2019-07-22 2:00,3.05
2019-07-22 3:00,2.83
2019-07-22 4:00,2.79
2019-07-22 5:00,2.91
2019-07-22 6:00,3.1
2019-07-22 7:00,3.31
2019-07-22 8:00,3.43
2019-07-22 9:00,3.39
2019-07-22 10:00,3.15
2019-07-22 11:00,2.8
2019-07-22 12:00,2.39
2019-07-22 13:00,2
2019-07-22 14:00,1.75
2019-07-22 15:00,1.73
2019-07-22 16:00,1.95
2019-07-22 17:00,2.38
2019-07-22 18:00,2.93
2019-07-22 19:00,3.49
2019-07-22 20:00,4
2019-07-22 21:00,4.32
2019-07-22 22:00,4.39
2019-07-22 23:00,4.24
2019-07-23 0:00,3.94
2019-07-23 1:00,3.53
2019-07-23 2:00,3.1
2019-07-23 3:00,2.77
2019-07-23 4:00,2.56
2019-07-23 5:00,2.55
2019-07-23 6:00,2.69
2019-07-23 7:00,2.9
2019-07-23 8:00,3.1
2019-07-23 9:00,3.24
2019-07-23 10:00,3.23
2019-07-23 11:00,3.05
2019-07-23 12:00,2.78
2019-07-23 13:00,2.48
2019-07-23 14:00,2.21
2019-07-23 15:00,2.08
2019-07-23 16:00,2.14
2019-07-23 17:00,2.43
2019-07-23 18:00,2.84
2019-07-23 19:00,3.34
2019-07-23 20:00,3.82
2019-07-23 21:00,4.18
2019-07-23 22:00,4.36
2019-07-23 23:00,4.28
2019-07-24 0:00,4.04
2019-07-24 1:00,3.67
2019-07-24 2:00,3.21
2019-07-24 3:00,2.78
2019-07-24 4:00,2.45
2019-07-24 5:00,2.3
2019-07-24 6:00,2.33
2019-07-24 7:00,2.46
2019-07-24 8:00,2.7
2019-07-24 9:00,2.95
2019-07-24 10:00,3.1
2019-07-24 11:00,3.14
2019-07-24 12:00,3.05
2019-07-24 13:00,2.86
2019-07-24 14:00,2.64
2019-07-24 15:00,2.47
2019-07-24 16:00,2.37
2019-07-24 17:00,2.48
2019-07-24 18:00,2.75
2019-07-24 19:00,3.1
2019-07-24 20:00,3.51
2019-07-24 21:00,3.89
2019-07-24 22:00,4.14
2019-07-24 23:00,4.2
2019-07-25 0:00,4.05
2019-07-25 1:00,3.74
2019-07-25 2:00,3.31
2019-07-25 3:00,2.83
2019-07-25 4:00,2.39
2019-07-25 5:00,2.05
2019-07-25 6:00,1.92
2019-07-25 7:00,2
2019-07-25 8:00,2.22
2019-07-25 9:00,2.53
2019-07-25 10:00,2.85
2019-07-25 11:00,3.08
2019-07-25 12:00,3.21
2019-07-25 13:00,3.19
2019-07-25 14:00,3.11
2019-07-25 15:00,2.97
2019-07-25 16:00,2.85
2019-07-25 17:00,2.8
2019-07-25 18:00,2.9
2019-07-25 19:00,3.1
2019-07-25 20:00,3.41
2019-07-25 21:00,3.74
2019-07-25 22:00,4.02
2019-07-25 23:00,4.17
2019-07-26 0:00,4.13
2019-07-26 1:00,3.89
2019-07-26 2:00,3.51
2019-07-26 3:00,3.02
2019-07-26 4:00,2.51
2019-07-26 5:00,2.05
2019-07-26 6:00,1.73
2019-07-26 7:00,1.65
2019-07-26 8:00,1.79
2019-07-26 9:00,2.07
2019-07-26 10:00,2.46
2019-07-26 11:00,2.86
2019-07-26 12:00,3.22
2019-07-26 13:00,3.42
2019-07-26 14:00,3.48
2019-07-26 15:00,3.47
2019-07-26 16:00,3.35
2019-07-26 17:00,3.26
2019-07-26 18:00,3.18
2019-07-26 19:00,3.21
2019-07-26 20:00,3.38
2019-07-26 21:00,3.62
2019-07-26 22:00,3.88
2019-07-26 23:00,4.09
2019-07-27 0:00,4.19
2019-07-27 1:00,4.07
2019-07-27 2:00,3.76
2019-07-27 3:00,3.31
2019-07-27 4:00,2.75
2019-07-27 5:00,2.18
2019-07-27 6:00,1.7
2019-07-27 7:00,1.39
2019-07-27 8:00,1.34
2019-07-27 9:00,1.54
2019-07-27 10:00,1.93
2019-07-27 11:00,2.43
2019-07-27 12:00,2.93
2019-07-27 13:00,3.35
2019-07-27 14:00,3.63
2019-07-27 15:00,3.72
2019-07-27 16:00,3.69
2019-07-27 17:00,3.57
2019-07-27 18:00,3.4
2019-07-27 19:00,3.29
2019-07-27 20:00,3.3
2019-07-27 21:00,3.43
2019-07-27 22:00,3.65
2019-07-27 23:00,3.89
2019-07-28 0:00,4.08
2019-07-28 1:00,4.12
2019-07-28 2:00,3.95
2019-07-28 3:00,3.58
2019-07-28 4:00,3.06
2019-07-28 5:00,2.44
2019-07-28 6:00,1.83
2019-07-28 7:00,1.32
2019-07-28 8:00,1.04
2019-07-28 9:00,1.08
2019-07-28 10:00,1.36
2019-07-28 11:00,1.84
2019-07-28 12:00,2.46
2019-07-28 13:00,3.06
2019-07-28 14:00,3.58
2019-07-28 15:00,3.91
2019-07-28 16:00,4.01
2019-07-28 17:00,3.97
2019-07-28 18:00,3.83
2019-07-28 19:00,3.64
2019-07-28 20:00,3.5
2019-07-28 21:00,3.49
2019-07-28 22:00,3.62
2019-07-28 23:00,3.83
2019-07-29 0:00,4.08
2019-07-29 1:00,4.25
2019-07-29 2:00,4.25
2019-07-29 3:00,4.02
2019-07-29 4:00,3.55
2019-07-29 5:00,2.93
2019-07-29 6:00,2.23
2019-07-29 7:00,1.54
2019-07-29 8:00,1.02
2019-07-29 9:00,0.77
2019-07-29 10:00,0.88
2019-07-29 11:00,1.28
2019-07-29 12:00,1.89
2019-07-29 13:00,2.61
2019-07-29 14:00,3.32
2019-07-29 15:00,3.87
2019-07-29 16:00,4.2
2019-07-29 17:00,4.29
2019-07-29 18:00,4.19
2019-07-29 19:00,3.99
2019-07-29 20:00,3.75
2019-07-29 21:00,3.57
2019-07-29 22:00,3.55
2019-07-29 23:00,3.71
2019-07-30 0:00,3.98
2019-07-30 1:00,4.24
2019-07-30 2:00,4.41
2019-07-30 3:00,4.37
2019-07-30 4:00,4.05
2019-07-30 5:00,3.5
2019-07-30 6:00,2.8
2019-07-30 7:00,2.02
2019-07-30 8:00,1.29
2019-07-30 9:00,0.73
2019-07-30 10:00,0.51
2019-07-30 11:00,0.73
2019-07-30 12:00,1.23
2019-07-30 13:00,1.95
2019-07-30 14:00,2.78
2019-07-30 15:00,3.54
2019-07-30 16:00,4.12
2019-07-30 17:00,4.41
2019-07-30 18:00,4.39
2019-07-30 19:00,4.22
2019-07-30 20:00,3.94
2019-07-30 21:00,3.64
2019-07-30 22:00,3.44
2019-07-30 23:00,3.43
2019-07-31 0:00,3.64
2019-07-31 1:00,3.92
2019-07-31 2:00,4.22
2019-07-31 3:00,4.4
2019-07-31 4:00,4.33
2019-07-31 5:00,3.95
2019-07-31 6:00,3.35
2019-07-31 7:00,2.6
2019-07-31 8:00,1.76
2019-07-31 9:00,0.99
2019-07-31 10:00,0.45
2019-07-31 11:00,0.32
2019-07-31 12:00,0.66
2019-07-31 13:00,1.31
2019-07-31 14:00,2.14
2019-07-31 15:00,3.06
2019-07-31 16:00,3.84
2019-07-31 17:00,4.39
2019-07-31 18:00,4.61
2019-07-31 19:00,4.53
2019-07-31 20:00,4.27
2019-07-31 21:00,3.92
2019-07-31 22:00,3.57
2019-07-31 23:00,3.36
2019-08-01 0:00,3.41
2019-08-01 1:00,3.67
2019-08-01 2:00,3.98
2019-08-01 3:00,4.31
2019-08-01 4:00,4.49
2019-08-01 5:00,4.37
2019-08-01 6:00,3.94
2019-08-01 7:00,3.27
2019-08-01 8:00,2.47
2019-08-01 9:00,1.59
2019-08-01 10:00,0.81
2019-08-01 11:00,0.32
2019-08-01 12:00,0.31
2019-08-01 13:00,0.78
2019-08-01 14:00,1.48
2019-08-01 15:00,2.41
2019-08-01 16:00,3.36
2019-08-01 17:00,4.12
2019-08-01 18:00,4.6
2019-08-01 19:00,4.73
2019-08-01 20:00,4.55
2019-08-01 21:00,4.21
2019-08-01 22:00,3.77
2019-08-01 23:00,3.39
2019-08-02 0:00,3.21
2019-08-02 1:00,3.28
2019-08-02 2:00,3.57
2019-08-02 3:00,3.92
2019-08-02 4:00,4.28
2019-08-02 5:00,4.47
2019-08-02 6:00,4.35
2019-08-02 7:00,3.88
2019-08-02 8:00,3.21
2019-08-02 9:00,2.37
2019-08-02 10:00,1.51
2019-08-02 11:00,0.76
2019-08-02 12:00,0.34
2019-08-02 13:00,0.43
2019-08-02 14:00,0.97
2019-08-02 15:00,1.74
2019-08-02 16:00,2.68
2019-08-02 17:00,3.6
2019-08-02 18:00,4.31
2019-08-02 19:00,4.67
2019-08-02 20:00,4.64
2019-08-02 21:00,4.38
2019-08-02 22:00,3.94
2019-08-02 23:00,3.43
2019-08-03 0:00,3.01
2019-08-03 1:00,2.82
2019-08-03 2:00,2.93
2019-08-03 3:00,3.25
2019-08-03 4:00,3.65
2019-08-03 5:00,4.04
2019-08-03 6:00,4.24
2019-08-03 7:00,4.09
2019-08-03 8:00,3.61
2019-08-03 9:00,2.95
2019-08-03 10:00,2.15
2019-08-03 11:00,1.33
2019-08-03 12:00,0.69
2019-08-03 13:00,0.45
2019-08-03 14:00,0.68
2019-08-03 15:00,1.27
2019-08-03 16:00,2.1
2019-08-03 17:00,3.04
2019-08-03 18:00,3.89
2019-08-03 19:00,4.51
2019-08-03 20:00,4.74
2019-08-03 21:00,4.6
2019-08-03 22:00,4.24
2019-08-03 23:00,3.73
2019-08-04 0:00,3.17
2019-08-04 1:00,2.73
2019-08-04 2:00,2.57
2019-08-04 3:00,2.71
2019-08-04 4:00,3.04
2019-08-04 5:00,3.48
2019-08-04 6:00,3.87
2019-08-04 7:00,4.07
2019-08-04 8:00,3.95
2019-08-04 9:00,3.52
2019-08-04 10:00,2.92
2019-08-04 11:00,2.18
2019-08-04 12:00,1.47
2019-08-04 13:00,0.95
2019-08-04 14:00,0.82
2019-08-04 15:00,1.16
2019-08-04 16:00,1.77
2019-08-04 17:00,2.59
2019-08-04 18:00,3.46
2019-08-04 19:00,4.23
2019-08-04 20:00,4.7
2019-08-04 21:00,4.79
2019-08-04 22:00,4.55
2019-08-04 23:00,4.11
2019-08-05 0:00,3.52
2019-08-05 1:00,2.92
2019-08-05 2:00,2.46
2019-08-05 3:00,2.3
2019-08-05 4:00,2.45
2019-08-05 5:00,2.81
2019-08-05 6:00,3.21
2019-08-05 7:00,3.61
2019-08-05 8:00,3.84
2019-08-05 9:00,3.78
2019-08-05 10:00,3.42
2019-08-05 11:00,2.94
2019-08-05 12:00,2.35
2019-08-05 13:00,1.79
2019-08-05 14:00,1.43
2019-08-05 15:00,1.41
2019-08-05 16:00,1.77
2019-08-05 17:00,2.37
2019-08-05 18:00,3.11
2019-08-05 19:00,3.86
2019-08-05 20:00,4.47
2019-08-05 21:00,4.77
2019-08-05 22:00,4.71
2019-08-05 23:00,4.38
2019-08-06 0:00,3.85
2019-08-06 1:00,3.21
2019-08-06 2:00,2.59
2019-08-06 3:00,2.16
2019-08-06 4:00,2.01
2019-08-06 5:00,2.17
2019-08-06 6:00,2.51
2019-08-06 7:00,2.95
2019-08-06 8:00,3.37
2019-08-06 9:00,3.66
2019-08-06 10:00,3.69
2019-08-06 11:00,3.47
2019-08-06 12:00,3.12
2019-08-06 13:00,2.68
2019-08-06 14:00,2.27
2019-08-06 15:00,2.02
2019-08-06 16:00,2.04
2019-08-06 17:00,2.38
2019-08-06 18:00,2.89
2019-08-06 19:00,3.5
2019-08-06 20:00,4.11
2019-08-06 21:00,4.55
2019-08-06 22:00,4.71
2019-08-06 23:00,4.55
2019-08-07 0:00,4.17
2019-08-07 1:00,3.6
2019-08-07 2:00,2.94
2019-08-07 3:00,2.34
2019-08-07 4:00,1.91
2019-08-07 5:00,1.74
2019-08-07 6:00,1.89
2019-08-07 7:00,2.23
2019-08-07 8:00,2.7
2019-08-07 9:00,3.15
2019-08-07 10:00,3.5
2019-08-07 11:00,3.65
2019-08-07 12:00,3.57
2019-08-07 13:00,3.36
2019-08-07 14:00,3.07
2019-08-07 15:00,2.79
2019-08-07 16:00,2.61
2019-08-07 17:00,2.66
2019-08-07 18:00,2.9
2019-08-07 19:00,3.3
2019-08-07 20:00,3.78
2019-08-07 21:00,4.22
2019-08-07 22:00,4.51
2019-08-07 23:00,4.53
2019-08-08 0:00,4.3
2019-08-08 1:00,3.86
2019-08-08 2:00,3.26
2019-08-08 3:00,2.62
2019-08-08 4:00,2.03
2019-08-08 5:00,1.59
2019-08-08 6:00,1.46
2019-08-08 7:00,1.59
2019-08-08 8:00,1.94
2019-08-08 9:00,2.44
2019-08-08 10:00,2.95
2019-08-08 11:00,3.39
2019-08-08 12:00,3.63
2019-08-08 13:00,3.69
2019-08-08 14:00,3.59
2019-08-08 15:00,3.42
2019-08-08 16:00,3.21
2019-08-08 17:00,3.07
2019-08-08 18:00,3.06
2019-08-08 19:00,3.24
2019-08-08 20:00,3.52
2019-08-08 21:00,3.86
2019-08-08 22:00,4.17
2019-08-08 23:00,4.33
2019-08-09 0:00,4.28
2019-08-09 1:00,4
2019-08-09 2:00,3.54
2019-08-09 3:00,2.95
2019-08-09 4:00,2.3
2019-08-09 5:00,1.72
2019-08-09 6:00,1.32
2019-08-09 7:00,1.21
2019-08-09 8:00,1.4
2019-08-09 9:00,1.78
2019-08-09 10:00,2.31
2019-08-09 11:00,2.89
2019-08-09 12:00,3.4
2019-08-09 13:00,3.75
2019-08-09 14:00,3.92
2019-08-09 15:00,3.9
2019-08-09 16:00,3.76
2019-08-09 17:00,3.57
2019-08-09 18:00,3.4
2019-08-09 19:00,3.32
2019-08-09 20:00,3.4
2019-08-09 21:00,3.58
2019-08-09 22:00,3.82
2019-08-09 23:00,4.05
2019-08-10 0:00,4.17
2019-08-10 1:00,4.11
2019-08-10 2:00,3.81
2019-08-10 3:00,3.36
2019-08-10 4:00,2.78
2019-08-10 5:00,2.15
2019-08-10 6:00,1.58
2019-08-10 7:00,1.22
2019-08-10 8:00,1.12
2019-08-10 9:00,1.32
2019-08-10 10:00,1.75
2019-08-10 11:00,2.32
2019-08-10 12:00,2.97
2019-08-10 13:00,3.51
2019-08-10 14:00,3.92
2019-08-10 15:00,4.13
2019-08-10 16:00,4.12
2019-08-10 17:00,3.99
2019-08-10 18:00,3.78
2019-08-10 19:00,3.55
2019-08-10 20:00,3.41
2019-08-10 21:00,3.41
2019-08-10 22:00,3.55
2019-08-10 23:00,3.74
2019-08-11 0:00,3.95
2019-08-11 1:00,4.04
2019-08-11 2:00,3.95
2019-08-11 3:00,3.67
2019-08-11 4:00,3.2
2019-08-11 5:00,2.61
2019-08-11 6:00,2
2019-08-11 7:00,1.44
2019-08-11 8:00,1.08
2019-08-11 9:00,1.03
2019-08-11 10:00,1.27
2019-08-11 11:00,1.74
2019-08-11 12:00,2.38
2019-08-11 13:00,3.05
2019-08-11 14:00,3.64
2019-08-11 15:00,4.07
2019-08-11 16:00,4.26
2019-08-11 17:00,4.2
2019-08-11 18:00,4.03
2019-08-11 19:00,3.76
2019-08-11 20:00,3.5
2019-08-11 21:00,3.34
2019-08-11 22:00,3.33
2019-08-11 23:00,3.48
2019-08-12 0:00,3.68
2019-08-12 1:00,3.88
2019-08-12 2:00,3.99
2019-08-12 3:00,3.9
2019-08-12 4:00,3.58
2019-08-12 5:00,3.09
2019-08-12 6:00,2.48
2019-08-12 7:00,1.84
2019-08-12 8:00,1.28
2019-08-12 9:00,0.94
2019-08-12 10:00,0.92
2019-08-12 11:00,1.23
2019-08-12 12:00,1.77
2019-08-12 13:00,2.46
2019-08-12 14:00,3.18
2019-08-12 15:00,3.81
2019-08-12 16:00,4.21
2019-08-12 17:00,4.36
2019-08-12 18:00,4.27
2019-08-12 19:00,4.05
2019-08-12 20:00,3.73
2019-08-12 21:00,3.45
2019-08-12 22:00,3.27
2019-08-12 23:00,3.29
2019-08-13 0:00,3.45
2019-08-13 1:00,3.66
2019-08-13 2:00,3.87
2019-08-13 3:00,3.96
2019-08-13 4:00,3.81
2019-08-13 5:00,3.44
2019-08-13 6:00,2.92
2019-08-13 7:00,2.29
2019-08-13 8:00,1.64
2019-08-13 9:00,1.11
2019-08-13 10:00,0.83
2019-08-13 11:00,0.92
2019-08-13 12:00,1.32
2019-08-13 13:00,1.97
2019-08-13 14:00,2.72
2019-08-13 15:00,3.44
2019-08-13 16:00,4.02
2019-08-13 17:00,4.37
2019-08-13 18:00,4.41
2019-08-13 19:00,4.24
2019-08-13 20:00,3.96
2019-08-13 21:00,3.61
2019-08-13 22:00,3.32
2019-08-13 23:00,3.2
2019-08-14 0:00,3.29
2019-08-14 1:00,3.49
2019-08-14 2:00,3.74
2019-08-14 3:00,3.95
2019-08-14 4:00,3.99
2019-08-14 5:00,3.78
2019-08-14 6:00,3.35
2019-08-14 7:00,2.77
2019-08-14 8:00,2.11
2019-08-14 9:00,1.46
2019-08-14 10:00,1
2019-08-14 11:00,0.85
2019-08-14 12:00,1.08
2019-08-14 13:00,1.57
2019-08-14 14:00,2.28
2019-08-14 15:00,3.04
2019-08-14 16:00,3.74
2019-08-14 17:00,4.24
2019-08-14 18:00,4.46
2019-08-14 19:00,4.38
2019-08-14 20:00,4.15
2019-08-14 21:00,3.81
2019-08-14 22:00,3.43
2019-08-14 23:00,3.2
2019-08-15 0:00,3.15
2019-08-15 1:00,3.31
2019-08-15 2:00,3.55
2019-08-15 3:00,3.81
2019-08-15 4:00,3.98
2019-08-15 5:00,3.95
2019-08-15 6:00,3.65
2019-08-15 7:00,3.15
2019-08-15 8:00,2.54
2019-08-15 9:00,1.86
2019-08-15 10:00,1.27
2019-08-15 11:00,0.94
2019-08-15 12:00,0.94
2019-08-15 13:00,1.3
2019-08-15 14:00,1.92
2019-08-15 15:00,2.65
2019-08-15 16:00,3.41
2019-08-15 17:00,4.03
2019-08-15 18:00,4.4
2019-08-15 19:00,4.46
2019-08-15 20:00,4.27
2019-08-15 21:00,3.96
2019-08-15 22:00,3.55
2019-08-15 23:00,3.2
2019-08-16 0:00,3.02
2019-08-16 1:00,3.09
2019-08-16 2:00,3.32
2019-08-16 3:00,3.6
2019-08-16 4:00,3.88
2019-08-16 5:00,3.99
2019-08-16 6:00,3.88
2019-08-16 7:00,3.51
2019-08-16 8:00,2.99
2019-08-16 9:00,2.34
2019-08-16 10:00,1.68
2019-08-16 11:00,1.19
2019-08-16 12:00,1
2019-08-16 13:00,1.18
2019-08-16 14:00,1.66
2019-08-16 15:00,2.32
2019-08-16 16:00,3.08
2019-08-16 17:00,3.75
2019-08-16 18:00,4.25
2019-08-16 19:00,4.43
2019-08-16 20:00,4.32
2019-08-16 21:00,4.06
2019-08-16 22:00,3.64
2019-08-16 23:00,3.23
2019-08-17 0:00,2.94
2019-08-17 1:00,2.84
2019-08-17 2:00,2.97
2019-08-17 3:00,3.25
2019-08-17 4:00,3.57
2019-08-17 5:00,3.84
2019-08-17 6:00,3.91
2019-08-17 7:00,3.72
2019-08-17 8:00,3.31
2019-08-17 9:00,2.77
2019-08-17 10:00,2.16
2019-08-17 11:00,1.61
2019-08-17 12:00,1.25
2019-08-17 13:00,1.23
2019-08-17 14:00,1.55
2019-08-17 15:00,2.11
2019-08-17 16:00,2.8
2019-08-17 17:00,3.5
2019-08-17 18:00,4.05
2019-08-17 19:00,4.36
2019-08-17 20:00,4.36
2019-08-17 21:00,4.14
2019-08-17 22:00,3.77
2019-08-17 23:00,3.34
2019-08-18 0:00,2.94
2019-08-18 1:00,2.73
2019-08-18 2:00,2.76
2019-08-18 3:00,2.96
2019-08-18 4:00,3.28
2019-08-18 5:00,3.6
2019-08-18 6:00,3.83
2019-08-18 7:00,3.83
2019-08-18 8:00,3.59
2019-08-18 9:00,3.17
2019-08-18 10:00,2.65
2019-08-18 11:00,2.08
2019-08-18 12:00,1.65
2019-08-18 13:00,1.46
2019-08-18 14:00,1.59
2019-08-18 15:00,2
2019-08-18 16:00,2.58
2019-08-18 17:00,3.24
2019-08-18 18:00,3.84
2019-08-18 19:00,4.25
2019-08-18 20:00,4.37
2019-08-18 21:00,4.23
2019-08-18 22:00,3.93
2019-08-18 23:00,3.48
2019-08-19 0:00,3.03
2019-08-19 1:00,2.69
2019-08-19 2:00,2.54
2019-08-19 3:00,2.63
2019-08-19 4:00,2.87
2019-08-19 5:00,3.2
2019-08-19 6:00,3.51
2019-08-19 7:00,3.69
2019-08-19 8:00,3.64
2019-08-19 9:00,3.38
2019-08-19 10:00,2.96
2019-08-19 11:00,2.47
2019-08-19 12:00,2.01
2019-08-19 13:00,1.71
2019-08-19 14:00,1.67
2019-08-19 15:00,1.93
2019-08-19 16:00,2.39
2019-08-19 17:00,2.98
2019-08-19 18:00,3.57
2019-08-19 19:00,4.03
2019-08-19 20:00,4.28
2019-08-19 21:00,4.22
2019-08-19 22:00,3.96
2019-08-19 23:00,3.57
2019-08-20 0:00,3.08
2019-08-20 1:00,2.64
2019-08-20 2:00,2.37
2019-08-20 3:00,2.31
2019-08-20 4:00,2.47
2019-08-20 5:00,2.77
2019-08-20 6:00,3.12
2019-08-20 7:00,3.42
2019-08-20 8:00,3.58
2019-08-20 9:00,3.52
2019-08-20 10:00,3.28
2019-08-20 11:00,2.91
2019-08-20 12:00,2.52
2019-08-20 13:00,2.21
2019-08-20 14:00,2.04
2019-08-20 15:00,2.13
2019-08-20 16:00,2.44
2019-08-20 17:00,2.92
2019-08-20 18:00,3.45
2019-08-20 19:00,3.92
2019-08-20 20:00,4.22
2019-08-20 21:00,4.3
2019-08-20 22:00,4.12
2019-08-20 23:00,3.78
2019-08-21 0:00,3.31
2019-08-21 1:00,2.8
2019-08-21 2:00,2.39
2019-08-21 3:00,2.19
2019-08-21 4:00,2.19
2019-08-21 5:00,2.4
2019-08-21 6:00,2.73
2019-08-21 7:00,3.1
2019-08-21 8:00,3.39
2019-08-21 9:00,3.54
2019-08-21 10:00,3.47
2019-08-21 11:00,3.29
2019-08-21 12:00,2.99
2019-08-21 13:00,2.68
2019-08-21 14:00,2.47
2019-08-21 15:00,2.42
2019-08-21 16:00,2.58
2019-08-21 17:00,2.92
2019-08-21 18:00,3.32
2019-08-21 19:00,3.75
2019-08-21 20:00,4.08
2019-08-21 21:00,4.22
2019-08-21 22:00,4.14
2019-08-21 23:00,3.86
2019-08-22 0:00,3.42
2019-08-22 1:00,2.91
2019-08-22 2:00,2.42
2019-08-22 3:00,2.06
2019-08-22 4:00,1.91
2019-08-22 5:00,1.99
2019-08-22 6:00,2.22
2019-08-22 7:00,2.59
2019-08-22 8:00,2.97
2019-08-22 9:00,3.28
2019-08-22 10:00,3.43
2019-08-22 11:00,3.45
2019-08-22 12:00,3.3
2019-08-22 13:00,3.11
2019-08-22 14:00,2.9
2019-08-22 15:00,2.78
2019-08-22 16:00,2.79
2019-08-22 17:00,2.96
2019-08-22 18:00,3.25
2019-08-22 19:00,3.59
2019-08-22 20:00,3.9
2019-08-22 21:00,4.11
2019-08-22 22:00,4.14
2019-08-22 23:00,3.95
2019-08-23 0:00,3.62
2019-08-23 1:00,3.16
2019-08-23 2:00,2.62
2019-08-23 3:00,2.18
2019-08-23 4:00,1.88
2019-08-23 5:00,1.76
2019-08-23 6:00,1.87
2019-08-23 7:00,2.16
2019-08-23 8:00,2.55
2019-08-23 9:00,2.94
2019-08-23 10:00,3.28
2019-08-23 11:00,3.5
2019-08-23 12:00,3.57
2019-08-23 13:00,3.52
2019-08-23 14:00,3.38
2019-08-23 15:00,3.24
2019-08-23 16:00,3.14
2019-08-23 17:00,3.15
2019-08-23 18:00,3.29
2019-08-23 19:00,3.51
2019-08-23 20:00,3.76
2019-08-23 21:00,3.99
2019-08-23 22:00,4.11
2019-08-23 23:00,4.05
2019-08-24 0:00,3.79
2019-08-24 1:00,3.42
2019-08-24 2:00,2.93
2019-08-24 3:00,2.41
2019-08-24 4:00,1.96
2019-08-24 5:00,1.63
2019-08-24 6:00,1.54
2019-08-24 7:00,1.7
2019-08-24 8:00,2.01
2019-08-24 9:00,2.45
2019-08-24 10:00,2.89
2019-08-24 11:00,3.29
2019-08-24 12:00,3.59
2019-08-24 13:00,3.7
2019-08-24 14:00,3.7
2019-08-24 15:00,3.61
2019-08-24 16:00,3.49
2019-08-24 17:00,3.37
2019-08-24 18:00,3.35
2019-08-24 19:00,3.43
2019-08-24 20:00,3.6
2019-08-24 21:00,3.78
2019-08-24 22:00,3.96
2019-08-24 23:00,4.02
2019-08-25 0:00,3.93
2019-08-25 1:00,3.64
2019-08-25 2:00,3.24
2019-08-25 3:00,2.71
2019-08-25 4:00,2.15
2019-08-25 5:00,1.67
2019-08-25 6:00,1.36
2019-08-25 7:00,1.27
2019-08-25 8:00,1.44
2019-08-25 9:00,1.79
2019-08-25 10:00,2.3
2019-08-25 11:00,2.83
2019-08-25 12:00,3.32
2019-08-25 13:00,3.69
2019-08-25 14:00,3.89
2019-08-25 15:00,3.91
2019-08-25 16:00,3.81
2019-08-25 17:00,3.67
2019-08-25 18:00,3.52
2019-08-25 19:00,3.42
2019-08-25 20:00,3.44
2019-08-25 21:00,3.57
2019-08-25 22:00,3.74
2019-08-25 23:00,3.9
2019-08-26 0:00,3.96
2019-08-26 1:00,3.85
2019-08-26 2:00,3.55
2019-08-26 3:00,3.11
2019-08-26 4:00,2.54
2019-08-26 5:00,1.93
2019-08-26 6:00,1.41
2019-08-26 7:00,1.04
2019-08-26 8:00,0.94
2019-08-26 9:00,1.17
2019-08-26 10:00,1.58
2019-08-26 11:00,2.16
2019-08-26 12:00,2.81
2019-08-26 13:00,3.39
2019-08-26 14:00,3.85
2019-08-26 15:00,4.09
2019-08-26 16:00,4.1
2019-08-26 17:00,3.99
2019-08-26 18:00,3.78
2019-08-26 19:00,3.55
2019-08-26 20:00,3.41
2019-08-26 21:00,3.42
2019-08-26 22:00,3.55
2019-08-26 23:00,3.74
2019-08-27 0:00,3.94
2019-08-27 1:00,4.02
2019-08-27 2:00,3.92
2019-08-27 3:00,3.59
2019-08-27 4:00,3.09
2019-08-27 5:00,2.46
2019-08-27 6:00,1.8
2019-08-27 7:00,1.21
2019-08-27 8:00,0.81
2019-08-27 9:00,0.75
2019-08-27 10:00,1.02
2019-08-27 11:00,1.54
2019-08-27 12:00,2.22
2019-08-27 13:00,2.98
2019-08-27 14:00,3.63
2019-08-27 15:00,4.1
2019-08-27 16:00,4.3
2019-08-27 17:00,4.26
2019-08-27 18:00,4.09
2019-08-27 19:00,3.82
2019-08-27 20:00,3.52
2019-08-27 21:00,3.36
2019-08-27 22:00,3.37
2019-08-27 23:00,3.57
2019-08-28 0:00,3.83
2019-08-28 1:00,4.09
2019-08-28 2:00,4.23
2019-08-28 3:00,4.15
2019-08-28 4:00,3.8
2019-08-28 5:00,3.23
2019-08-28 6:00,2.55
2019-08-28 7:00,1.8
2019-08-28 8:00,1.12
2019-08-28 9:00,0.7
2019-08-28 10:00,0.66
2019-08-28 11:00,1
2019-08-28 12:00,1.62
2019-08-28 13:00,2.43
2019-08-28 14:00,3.24
2019-08-28 15:00,3.96
2019-08-28 16:00,4.4
2019-08-28 17:00,4.54
2019-08-28 18:00,4.4
2019-08-28 19:00,4.13
2019-08-28 20:00,3.75
2019-08-28 21:00,3.4
2019-08-28 22:00,3.23
2019-08-28 23:00,3.29
2019-08-29 0:00,3.55
2019-08-29 1:00,3.89
2019-08-29 2:00,4.22
2019-08-29 3:00,4.41
2019-08-29 4:00,4.32
2019-08-29 5:00,3.93
2019-08-29 6:00,3.33
2019-08-29 7:00,2.57
2019-08-29 8:00,1.78
2019-08-29 9:00,1.07
2019-08-29 10:00,0.63
2019-08-29 11:00,0.66
2019-08-29 12:00,1.1
2019-08-29 13:00,1.79
2019-08-29 14:00,2.67
2019-08-29 15:00,3.53
2019-08-29 16:00,4.21
2019-08-29 17:00,4.61
2019-08-29 18:00,4.6
2019-08-29 19:00,4.38
2019-08-29 20:00,3.98
2019-08-29 21:00,3.5
2019-08-29 22:00,3.11
2019-08-29 23:00,2.92
2019-08-30 0:00,3.04