Tank,Treat,Date,Temperature,Salinity,pH,NO3,NO2,NH3,PO4
1,19A,05-11,24.8,29.8,7.96,,,,
1,19A,05-13,27.6,30.0,7.99,,,,
1,19A,05-14,27.4,30.0,7.93,,,,
1,19A,05-15,28,30.0,7.97,,,,
1,19A,05-17,28,30.4,8.01,,,,
1,19A,05-18,25,30.4,7.99,,,,
1,19A,05-19,24.9,30.1,7.98,,,,
1,19A,05-20,25.3,30.1,7.99,,,,
1,19A,05-21,25,30.5,8.00,,,,
1,19A,05-24,25,30.4,8.01,,,,
1,19A,05-25,25.8,30.6,8.00,,,,
1,19A,05-26,25.3,30.5,8.02,,,,
1,19A,05-27,25.8,30.7,8.02,,,,
1,19A,05-28,25.7,30.9,8.02,,,,
1,19A,05-29,25.1,30.5,8.03,,,,
1,19A,05-31,26,31.2,8.02,,,,
1,19A,06-02,18.8,31.2,8.03,,,,
1,19A,06-03,19.1,31.3,7.98,,,,
1,19A,06-05,18.8,31.4,7.97,,,,
1,19A,06-06,19.1,31.3,7.96,,,,
1,19A,06-08,19.2,30.4,7.88,,,,
1,19A,06-10,18.6,30.7,7.92,,,,
1,19A,06-12,,,,,,,
1,19A,06-14,19.1,30.7,7.85,,,,
1,19A,06-17,19.1,30.5,7.86,,,,
1,19A,06-20,15.4,30.0,7.86,,,,
1,19A,06-21,13.3,30.0,7.87,,,,
1,19A,06-24,11.9,29.7,7.81,,,,
1,19A,06-25,12.8,29.3,7.84,,,,
1,19A,06-30,12.3,29.7,,,,,
1,19A,07-03,12.4,29.4,7.85,,,,
1,19A,07-08,12.5,29.4,7.88,,,,
1,19A,07-18,19.2,29.8,,,,,
1,19A,07-19,18.8,29.7,7.88,,,,
1,19A,07-20,19.5,29.5,7.91,,,,
1,19A,07-22,19.3,29.8,7.85,,,,
1,19A,07-23,20.5,29.7,7.86,,,,
1,19A,07-24,19,30.1,7.74,,,,
1,19A,07-27,21.2,29.9,7.78,,,,
1,19A,07-29,19.8,30.2,7.73,,,,
1,19A,07-30,19.4,30.4,,,,,
1,19A,07-31,20.2,29.8,7.80,,,,
1,19A,08-01,19,30.4,7.87,,,,
1,19A,08-02,19.5,30.5,7.84,,,,
1,19A,08-03,19.4,30.4,7.83,,,,
1,19A,08-04,19.2,30.6,7.76,,,,
1,19A,08-05,19.2,30.6,7.74,,,,
1,19A,08-06,18.9,30.6,7.74,,,,
1,19A,08-07,18.8,30.6,7.79,,,,
1,19A,08-08,18.9,30.6,7.77,,,,
1,19A,08-09,18.9,30.7,7.72,,,,
1,19A,08-10,19,30.8,7.83,,,,
1,19A,08-11,19.2,30.7,7.81,,,,
1,19A,08-12,19.7,30.6,7.84,,,,
1,19A,08-13,19.4,30.7,7.74,,,,
1,19A,08-14,19.4,30.7,7.73,,,,
1,19A,08-15,19.1,30.9,7.72,,,,
1,19A,08-16,19.3,30.1,7.71,,,,
1,19A,08-17,19.5,30.1,7.80,,,,
1,19A,08-18,19.5,30.0,7.71,,,,
1,19A,08-19,19.1,30.2,7.72,,,,
1,19A,08-20,18.6,30.3,7.68,,,,
1,19A,08-21,19,30.3,7.60,,,,
1,19A,08-22,19,30.3,7.61,,,,
1,19A,08-23,18.8,30.2,7.66,,,,
1,19A,08-24,19.3,30.0,7.77,,,,
1,19A,08-25,19.7,30.1,7.77,,,,
1,19A,08-26,19.1,30.4,7.68,,,,
1,19A,08-27,19.2,30.4,7.77,,,,
1,19A,08-28,18.8,30.4,7.62,,,,
1,19A,08-29,18.9,30.4,7.60,,,,
1,19A,08-30,18.9,30.6,7.73,,,,
1,19A,08-31,19.3,30.6,7.63,,,,
1,19A,09-01,19.2,30.3,7.64,,,,
1,19A,09-02,19.3,30.3,7.62,,,,
1,19A,09-03,18.7,30.4,7.58,,,,
1,19A,09-04,19,30.4,7.63,,,,
1,19A,09-05,19.4,30.5,7.63,,,,
1,19A,09-06,19.1,30.5,7.49,,,,
1,19A,09-07,19.4,30.3,7.62,,,,
1,19A,09-08,,,,,,,
1,19A,09-09,,,,,,,
1,19A,09-10,19.5,30.8,7.64,,,,
1,19A,09-11,19.9,30.4,7.38,,,,
1,19A,09-12,19.9,30.8,7.69,,,,
1,19A,09-13,19.3,31.0,7.67,,,,
1,19A,09-14,19.5,31.0,7.72,,,,
1,,09-15,,,,,,,
1,,09-16,,,,,,,
1,,09-17,19.6,31.0,7.77,,,,
1,,09-18,20,30.9,7.55,,,,
1,,09-19,19.4,31.2,7.70,,,,
1,,09-20,19.4,30.9,7.72,,,,
1,,09-21,,,,,,,
1,,09-22,,,,,,,
1,,09-23,,,,,,,
1,,09-24,,,,,,,
1,,09-25,19.3,31.5,6.38,,,,
1,,09-26,19.5,31.1,,,,,
1,,09-27,19.4,31.8,,,,,
1,,09-28,,,,,,,
1,,09-29,,,,,,,
1,,09-30,,,,,,,
1,,10-01,,,,,,,
1,,10-02,20,32.7,,,,,
1,,10-03,,,,,,,
1,,10-04,19.4,31.8,,,,,
1,,10-05,19.3,31.5,,,,,
1,,10-06,,,,,,,
1,,10-07,,,,,,,
1,,10-08,,,,,,,
1,,10-09,19.8,32.1,,,,,
1,,10-10,16.1,32.2,,,,,
1,,10-11,16,31.5,,,,,
1,,10-12,,,,,,,
1,,10-13,,,,,,,
1,,10-14,,,,,,,
1,,10-15,,,,,,,
1,,10-16,16,32.0,7.62,,,,
1,,10-17,16,30.1,7.61,,,,
1,,10-18,15.8,30.2,7.63,,,,
1,,10-19,,,,,,,
,,10-20,,,,,,,
,,10-21,,,,,,,
,,10-22,,,,,,,
,,10-23,16.1,30.3,7.70,,,,
,,10-24,,,7.65,,,,
,,10-25,,,7.80,,,,
,,10-26,,,,,,,
,,10-27,,,,,,,
,,10-28,,,,,,,
,,10-29,16.4,30.2,7.80,,,,
,,10-30,16.2,30.3,7.80,,,,
,,10-31,16.4,30.1,7.77,,,,
,,11-01,,,,,,,
,,11-02,,,,,,,
,,11-03,,,,,,,
2,22A,07-03,12.2,28.8,7.79,,,,
2,22A,07-08,13.0,29.4,7.8,,,,
2,22A,07-18,20.1,29.9,,,,,
2,22A,07-19,20.0,31.0,7.77,,,,
2,22A,07-20,19.8,29.7,,,,,
2,22A,07-22,20.7,29.5,7.82,,,,
2,22A,07-23,23.5,29.8,7.8,,,,
2,22A,07-24,20.9,30.1,7.79,,,,
2,22A,07-27,22.1,29.7,7.71,,,,
2,22A,07-29,24.5,29.6,7.76,,,,
2,22A,07-30,23.9,30.2,7.76,,,,
2,22A,07-31,26.3,30.0,7.81,,,,
2,22A,08-01,21.7,30.4,7.86,,,,
2,22A,08-02,21.3,30.5,7.79,,,,
2,22A,08-03,21.1,30.5,7.86,,,,
2,22A,08-04,21.2,30.6,7.78,,,,
2,22A,08-05,20.9,30.6,7.75,,,,
2,22A,08-06,22.0,30.4,7.73,,,,
2,22A,08-07,22.0,30.5,7.69,,,,
2,22A,08-08,21.6,30.6,7.76,,,,
2,22A,08-09,22.4,30.3,7.79,,,,
2,22A,08-10,23.2,30.7,7.86,,,,
2,22A,08-11,21.5,30.8,7.85,,,,
2,22A,08-12,22.0,30.5,7.88,,,,
2,22A,08-13,21.4,30.5,7.79,,,,
2,22A,08-14,21.9,30.6,7.81,,,,
2,22A,08-15,22.1,30.8,7.83,,,,
2,22A,08-16,21.2,30.2,7.78,,,,
2,22A,08-17,22.3,30.2,7.65,,,,
2,22A,08-18,22.4,30.2,7.82,,,,
2,22A,08-19,20.6,30.4,7.87,,,,
2,22A,08-20,20.7,30.5,7.8,,,,
2,22A,08-21,21.8,30.5,7.72,,,,
2,22A,08-22,22.6,30.6,7.62,,,,
2,22A,08-23,21.4,30.4,7.77,,,,
2,22A,08-24,21.9,30.4,7.89,,,,
2,22A,08-25,22.2,30.3,7.82,,,,
2,22A,08-26,22.0,30.6,7.82,,,,
2,22A,08-27,21.7,30.8,7.69,,,,
2,22A,08-28,21.3,30.8,7.8,,,,
2,22A,08-29,21.9,30.3,7.64,,,,
2,22A,08-30,21.4,30.9,7.81,,,,
2,22A,08-31,22.3,30.8,7.8,,,,
2,22A,09-01,21.9,30.9,7.78,,,,
2,22A,09-02,22.5,30.6,7.8,,,,
2,22A,09-03,21.8,30.8,7.79,,,,
2,22A,09-04,21.5,30.8,7.8,,,,
2,22A,09-05,22.3,30.9,7.78,,,,
2,22A,09-06,21.5,31.0,7.74,,,,
2,22A,09-07,22.0,30.9,7.83,,,,
2,22A,09-08,,,,,,,
2,22A,09-09,,,,,,,
2,,09-10,21.6,31.2,7.85,,,,
2,,09-11,21.6,31.1,7.67,,,,
2,,09-12,22.2,31.9,7.84,,,,
2,,09-13,21.6,31.4,7.83,,,,
2,,09-14,21.8,31.4,7.86,,,,
2,,09-15,,,,,,,
2,,09-16,,,,,,,
2,,09-17,21.9,31.6,7.88,,,,
2,,09-18,22.3,31.5,7.77,,,,
2,,09-19,22.0,31.8,7.76,,,,
2,,09-20,22.2,31.8,7.84,,,,
2,,09-21,,,,,,,
2,,09-22,,,,,,,
2,,09-23,,,,,,,
2,,09-24,,,,,,,
2,,09-25,21.9,32.3,6.77,,,,
2,,09-26,22.0,32.2,,,,,
2,,09-27,21.5,32.4,,,,,
2,,09-28,,,,,,,
2,,09-29,,,,,,,
2,,09-30,,,,,,,
2,,10-01,,,,,,,
2,,10-02,22.1,33.1,,,,,
2,,10-03,,,,,,,
2,,10-04,21.2,30.0,,,,,
2,,10-05,21.3,33.1,,,,,
2,,10-06,,,,,,,
2,,10-07,,,,,,,
2,,10-08,,,,,,,
2,,10-09,21.4,33.0,,,,,
2,,10-10,16.1,32.9,,,,,
2,,10-11,15.8,32.1,,,,,
,,10-12,,,,,,,
,,10-13,,,,,,,
,,10-14,,,,,,,
,,10-15,,,,,,,
,,10-16,15.9,30.1,7.81,,,,
,,10-17,15.9,30.6,7.84,,,,
,,10-18,15.6,30.6,7.81,,,,
,,10-19,,,,,,,
,,10-20,,,,,,,
,,10-21,,,,,,,
,,10-22,,,,,,,
,,10-23,15.6,30.7,7.89,,,,
,,10-24,,,7.82,,,,
,,10-25,,,7.86,,,,
,,10-26,,,,,,,
,,10-27,,,,,,,
,,10-28,,,,,,,
,,10-29,15.6,30.2,7.84,,,,
,,10-30,15.7,30.5,7.84,,,,
,,10-31,,,,,,,
3,22A,06-24,13.4,29.7,7.75,,,,
3,22A,06-25,14.1,29.5,7.78,,,,
3,22A,06-30,12.2,29.7,,,,,
3,22A,07-03,12.7,29.7,7.79,,,,
3,22A,07-08,14.7,29.5,7.84,,,,
3,22A,07-18,25.9,29.5,,,,,
3,22A,07-19,22,29.9,7.82,,,,
3,22A,07-20,22.1,29.5,,,,,
3,22A,07-22,22.2,29.8,7.88,,,,
3,22A,07-23,22.5,29.8,7.85,,,,
3,22A,07-24,22.8,30.2,7.9,,,,
3,22A,07-27,31.8,30.4,7.76,,,,
3,22A,07-29,26.6,30.1,7.82,,,,
3,22A,07-30,26.4,30.4,7.79,,,,
3,22A,07-31,26.9,30.6,7.91,,,,
3,22A,08-01,22.9,30.2,7.94,,,,
3,22A,08-02,21.7,30.7,7.88,,,,
3,22A,08-03,21.2,30.3,7.89,,,,
3,22A,08-04,21.1,30.7,7.83,,,,
3,22A,08-05,21.3,30.8,7.8,,,,
3,22A,08-06,21.4,31,7.83,,,,
3,22A,08-07,21.3,30.9,7.89,,,,
3,22A,08-08,21.5,30.2,7.85,,,,
3,22A,08-09,21.7,30.3,7.82,,,,
3,22A,08-10,21,30.2,7.93,,,,
3,22A,08-11,21.3,30.4,7.89,,,,
3,22A,08-12,21.9,30.4,7.94,,,,
3,22A,08-13,21.8,30.4,7.89,,,,
3,22A,08-14,21.5,30.2,7.84,,,,
3,22A,08-15,21.4,30.6,7.85,,,,
3,22A,08-16,21.5,30.5,7.81,,,,
3,22A,08-17,21.6,30.6,7.88,,,,
3,22A,08-18,21.8,30.4,7.85,,,,
3,22A,08-19,21.3,30.6,7.87,,,,
3,22A,08-20,21.4,30.7,7.89,,,,
3,22A,08-21,21.6,30.6,7.75,,,,
3,22A,08-22,21.8,30.9,7.85,,,,
3,22A,08-23,21.5,30.9,7.85,,,,
3,22A,08-24,21.6,30.8,7.91,,,,
3,22A,08-25,21.8,30.6,7.85,,,,
3,22A,08-26,21.6,30.9,7.87,,,,
3,22A,08-27,21.3,30.8,7.92,,,,
3,22A,08-28,21.4,31.1,7.81,,,,
3,22A,08-29,21.6,29.2,7.7,,,,
3,22A,08-30,21.5,29.2,7.87,,,,
3,22A,08-31,21.8,29.3,7.85,,,,
3,22A,09-01,21.8,29.3,7.33,,,,
3,22A,09-02,21.8,29.3,7.84,,,,
3,22A,09-03,21.3,29.4,7.84,,,,
3,22A,09-04,21.4,29.5,7.87,,,,
3,22A,09-05,21.8,28.7,7.78,,,,
3,22A,09-06,21.9,29.5,7.77,,,,
3,22A,09-07,21.7,29.9,7.83,,,,
3,22A,09-08,,,,,,,
3,22A,09-09,,,,,,,
3,22A,09-10,21.2,29.5,7.86,,,,
3,22A,09-11,21.8,29.6,7.77,,,,
3,22A,09-12,21.7,29.7,7.88,,,,
3,22A,09-13,21.7,29.8,7.9,,,,
3,22A,09-14,21.6,29.8,7.88,,,,
3,22A,09-15,,,,,,,
3,22A,09-16,,,,,,,
3,22A,09-17,21.7,29.9,7.9,,,,
3,22A,09-18,21.5,29.9,7.8,,,,
3,22A,09-19,21.7,30.1,7.84,,,,
3,22A,09-20,21.6,29.5,6.38,,,,
3,22A,09-21,,,,,,,
3,22A,09-22,,,,,,,
3,22A,09-23,,,,,,,
3,22A,09-24,,,,,,,
3,22A,09-25,21.5,30.2,,,,,
3,22A,09-26,21.8,30.2,,,,,
3,22A,09-27,21.6,30.3,,,,,
3,22A,09-28,,,,,,,
3,22A,09-29,,,,,,,
3,22A,09-30,,,,,,,
3,22A,10-01,,,,,,,
3,22A,10-02,21.7,30.7,,,,,
3,22A,10-03,,,,,,,
3,22A,10-04,20.8,30.7,,,,,
3,22A,10-05,20.7,30.6,,,,,
3,22A,10-06,,,,,,,
3,,10-07,,,,,,,
3,,10-08,,,,,,,
,,10-09,20.9,30.9,,,,,
,,10-10,16.1,31,,,,,
,,10-11,16,30.2,,,,,
,,10-12,,,,,,,
,,10-13,,,,,,,
,,10-14,,,,,,,
,,10-15,,,,,,,
,,10-16,15.8,30.3,7.81,,,,
,,10-17,13.6,30.4,7.85,,,,
,,10-18,15.9,30.4,7.82,,,,
,,10-19,,,,,,,
,,10-20,,,,,,,
,,10-21,,,,,,,
,,10-22,,,,,,,
,,10-23,16,30.5,7.84,,,,
,,10-24,,,,,,,
4,15A,07-03,11.2,29.0,7.75,,,,
4,15A,07-08,12.0,28.9,7.77,,,,
4,15A,07-18,12.4,28.8,,,,,
4,15A,07-19,15.2,29.2,7.76,,,,
4,15A,07-20,15.7,29.1,,,,,
4,15A,07-22,14.4,29.0,7.74,,,,
4,15A,07-23,15.4,29.2,7.74,,,,
4,15A,07-24,14.9,29.5,7.73,,,,
4,15A,07-27,15.7,28.6,7.62,,,,
4,15A,07-29,17.5,28.8,7.72,,,,
4,15A,07-30,17.3,29.6,7.67,,,,
4,15A,07-31,20.3,29.5,7.74,,,,
4,15A,08-01,15.2,29.2,7.73,,,,
4,15A,08-02,14.9,29.3,7.7,,,,
4,15A,08-03,14.7,29.5,7.72,,,,
4,15A,08-04,15.1,29.3,7.66,,,,
4,15A,08-05,15.2,29.4,7.68,,,,
4,15A,08-06,15.8,29.0,7.71,,,,
4,15A,08-07,15.3,28.9,7.66,,,,
4,15A,08-08,14.9,29.1,7.68,,,,
4,15A,08-09,15.9,28.8,7.7,,,,
4,15A,08-10,16.1,29.3,7.77,,,,
4,15A,08-11,14.9,29.1,7.72,,,,
4,15A,08-12,15.4,29.1,7.79,,,,
4,15A,08-13,15.0,29.0,7.7,,,,
4,15A,08-14,15.2,29.2,7.66,,,,
4,15A,08-15,15.3,29.5,7.66,,,,
4,15A,08-16,15.1,29.3,7.62,,,,
4,15A,08-17,14.9,29.1,7.69,,,,
4,15A,08-18,15.6,29.3,7.72,,,,
4,15A,08-19,15.0,29.4,7.64,,,,
4,15A,08-20,14.6,29.2,7.65,,,,
4,15A,08-21,14.9,29.3,7.66,,,,
4,15A,08-22,15.2,28.9,7.66,,,,
4,15A,08-23,15.1,29.1,7.63,,,,
4,15A,08-24,15.3,28.9,7.73,,,,
4,15A,08-25,15.5,29.3,7.68,,,,
4,15A,08-26,15.5,29.1,7.67,,,,
4,15A,08-27,15.0,29.0,7.69,,,,
4,15A,08-28,14.9,29.0,7.67,,,,
4,15A,08-29,15.3,29.1,7.55,,,,
4,15A,08-30,14.6,29.2,7.63,,,,
4,15A,08-31,15.8,29.4,7.61,,,,
4,15A,09-01,15.0,29.1,7.57,,,,
4,15A,09-02,15.2,29.3,7.55,,,,
4,15A,09-03,15.3,29.1,7.52,,,,
4,15A,09-04,15.2,29.6,7.54,,,,
4,15A,09-05,15.0,28.5,7.58,,,,
4,15A,09-06,14.5,29.1,7.59,,,,
4,15A,09-07,15.5,29.0,7.53,,,,
4,15A,09-08,,,,,,,
4,15A,09-09,,,,,,,
4,15A,09-10,14.9,29.3,7.38,,,,
4,15A,09-11,15.3,29.6,7.59,,,,
4,15A,09-12,15.5,29.4,7.63,,,,
4,15A,09-13,14.9,29.3,7.52,,,,
4,15A,09-14,15.0,29.2,7.5,,,,
4,15A,09-15,,,,,,,
4,15A,09-16,,,,,,,
4,15A,09-17,14.8,29.3,7.42,,,,
4,15A,09-18,15.4,29.7,7.62,,,,
4,15A,09-19,15.0,29.3,7.54,,,,
4,15A,09-20,14.5,29.3,7.44,,,,
4,15A,09-21,,,,,,,
4,15A,09-22,,,,,,,
4,15A,09-23,,,,,,,
4,15A,09-24,,,,,,,
4,15A,09-25,15.2,29.4,6.31,,,,
4,15A,09-26,15.1,29.8,,,,,
4,15A,09-27,14.8,30.0,,,,,
4,15A,09-28,,,,,,,
4,15A,09-29,,,,,,,
,,09-30,,,,,,,
,,10-01,,,,,,,
,,10-02,15.4,29.8,,,,,
,,10-03,,,,,,,
,,10-04,15.6,29.7,,,,,
,,10-05,15.4,29.7,,,,,
,,10-06,,,,,,,
,,10-07,,,,,,,
,,10-08,,,,,,,
,,10-09,15.7,30.0,,,,,
,,10-10,15.0,29.8,,,,,
,,10-11,15.3,29.8,,,,,
,,10-12,,,,,,,
,,10-13,,,,,,,
,,10-14,,,,,,,
,,10-15,,,,,,,
,,10-16,14.8,29.9,7.4,,,,
,,10-17,14.9,29.9,7.5,,,,
5,19A,07-03,13.4,29.1,7.95,,,,
5,19A,07-08,14.6,29.7,,,,,
5,19A,07-18,27.4,29.6,,,,,
5,19A,07-19,20.5,29.9,7.93,,,,
5,19A,07-20,20.2,29.9,,,,,
5,19A,07-22,21,29.9,7.98,,,,
5,19A,07-23,21.7,29.8,7.94,,,,
5,19A,07-24,22.5,30.1,7.99,,,,
5,19A,07-27,31.6,30.6,7.91,,,,
5,19A,07-29,27.3,30.6,7.97,,,,
5,19A,07-30,27,30.6,7.92,,,,
5,19A,07-31,29.8,30.7,8.06,,,,
5,19A,08-01,21.7,30.9,8.06,,,,
5,19A,08-02,20,30.3,7.97,,,,
5,19A,08-03,20.3,30.3,7.95,,,,
5,19A,08-04,19.5,30.4,7.89,,,,
5,19A,08-05,19.4,30.5,7.86,,,,
5,19A,08-06,20,30.5,7.91,,,,
5,19A,08-07,19.7,30.6,7.94,,,,
5,19A,08-08,19.8,30.6,7.94,,,,
5,19A,08-09,20.1,30.5,7.94,,,,
5,19A,08-10,19.5,30.5,7.99,,,,
5,19A,08-11,19.7,30.5,7.99,,,,
5,19A,08-12,20,30.6,8.03,,,,
5,19A,08-13,19.6,30.7,7.98,,,,
5,19A,08-14,20,30.4,7.93,,,,
5,19A,08-15,20,30.7,7.93,,,,
5,19A,08-16,19.7,30.1,7.89,,,,
5,19A,08-17,19.8,30.3,7.95,,,,
5,19A,08-18,19.9,30.1,7.9,,,,
5,19A,08-19,19.6,30.4,7.9,,,,
5,19A,08-20,20.1,30.5,7.96,,,,
5,19A,08-21,20,30.4,7.84,,,,
5,19A,08-22,20.1,30.7,7.92,,,,
5,19A,08-23,20,30.7,7.92,,,,
5,19A,08-24,19.6,30.6,7.93,,,,
5,19A,08-25,19.9,30.6,7.9,,,,
5,19A,08-26,20,30.8,7.73,,,,
5,19A,08-27,20.1,30.8,7.9,,,,
5,19A,08-28,20,30.9,7.88,,,,
5,19A,08-29,20.1,31,7.8,,,,
5,19A,08-30,20.1,31,7.95,,,,
5,19A,08-31,19.7,31,7.88,,,,
5,19A,09-01,19.6,31,7.85,,,,
5,19A,09-02,20,30.5,7.86,,,,
5,19A,09-03,19.8,30.6,7.85,,,,
5,19A,09-04,19.8,30.6,7.85,,,,
5,19A,09-05,19.6,30.5,7.84,,,,
5,19A,09-06,20.1,30.8,7.83,,,,
5,19A,09-07,19.7,30.4,7.88,,,,
5,19A,09-08,,,,,,,
5,19A,09-09,,,,,,,
5,19A,09-10,19.4,30.9,7.87,,,,
5,19A,09-11,19.8,30.9,7.79,,,,
5,19A,09-12,20,31.2,7.91,,,,
5,19A,09-13,20,31.2,7.91,,,,
5,19A,09-14,20.1,31.3,7.92,,,,
5,19A,09-15,,,,,,,
5,19A,09-16,,,,,,,
5,19A,09-17,20.1,31.4,7.9,,,,
5,19A,09-18,20,31.3,7.8,,,,
5,19A,09-19,19.9,31.5,7.83,,,,
5,19A,09-20,20.2,25.3,7.93,,,,
5,19A,09-21,,,,,,,
5,19A,09-22,,,,,,,
5,19A,09-23,,,,,,,
5,19A,09-24,,,,,,,
5,19A,09-25,20.1,31.8,6.36,,,,
5,19A,09-26,20,31.6,,,,,
5,19A,09-27,20,31.8,,,,,
5,19A,09-28,,,,,,,
5,19A,09-29,,,,,,,
,,09-30,,,,,,,
,,10-01,,,,,,,
,,10-02,19.8,32,,,,,
,,10-03,,,,,,,
,,10-04,19.5,32.5,,,,,
,,10-05,,32.5,,,,,
,,10-06,,,,,,,
,,10-07,,,,,,,
,,10-08,,,,,,,
,,10-09,19.5,32.6,,,,,
,,10-10,16.5,32.9,,,,,
,,10-11,16.7,32.2,,,,,
,,10-12,,,,,,,
,,10-13,,,,,,,
,,10-14,,,,,,,
,,10-15,,,,,,,
,,10-16,16.5,30.4,7.89,,,,
,,10-17,16.5,30.5,7.92,,,,
,,10-18,16.6,30.5,7.89,,,,
,,10-19,,,,,,,
,,10-20,,,,,,,
,,10-21,,,,,,,
,,10-22,,,,,,,
,,10-23,16.5,30.7,7.91,,,,
,,10-24,,,7.92,,,,
,,10-25,,,7.94,,,,
,,10-26,,,,,,,
,,10-27,,,,,,,
,,10-28,,,,,,,
,,10-29,16.5,30.9,7.96,,,,
,,10-30,16.7,30.9,7.97,,,,
,,10-31,16.5,31,7.97,,,,
,,11-01,,,,,,,
,,11-02,,,,,,,
6,12A,07-03,11.9,28.8,7.83,,,,
6,12A,07-08,12.2,28.7,7.84,,,,
6,12A,07-18,13.6,28.9,,,,,
6,12A,07-19,13.2,28.9,7.81,,,,
6,12A,07-20,12.5,28.7,,,,,
6,12A,07-22,12.7,29.2,7.83,,,,
6,12A,07-23,13.9,28.9,7.8,,,,
6,12A,07-24,12.9,29,7.82,,,,
6,12A,07-27,15.6,28.7,7.69,,,,
6,12A,07-29,15.7,29,7.8,,,,
6,12A,07-30,17.4,28.9,7.78,,,,
6,12A,07-31,30.1,29.1,7.85,,,,
6,12A,08-01,19.7,29.2,7.92,,,,
6,12A,08-02,15.7,29.2,7.83,,,,
6,12A,08-03,15.6,29.3,7.85,,,,
6,12A,08-04,12.2,29.3,7.8,,,,
6,12A,08-05,12.5,29.4,7.77,,,,
6,12A,08-06,13.5,29.3,7.79,,,,
6,12A,08-07,13.6,29.3,7.79,,,,
6,12A,08-08,15.7,29.5,7.82,,,,
6,12A,08-09,15.7,29.2,7.85,,,,
6,12A,08-10,15.3,29.4,7.86,,,,
6,12A,08-11,14,29.3,7.9,,,,
6,12A,08-12,12.1,29.5,7.92,,,,
6,12A,08-13,12.8,29.3,7.78,,,,
6,12A,08-14,13.8,29,7.81,,,,
6,12A,08-15,14.1,29.1,7.77,,,,
6,12A,08-16,13.6,29.4,7.83,,,,
6,12A,08-17,12.7,29.4,7.77,,,,
6,12A,08-18,12.6,29.4,7.84,,,,
6,12A,08-19,12.2,29.3,7.8,,,,
6,12A,08-20,12.7,29.4,7.85,,,,
6,12A,08-21,13.3,29.5,7.81,,,,
6,12A,08-22,14.9,29.4,7.75,,,,
6,12A,08-23,13,29.6,7.84,,,,
6,12A,08-24,12.3,29.5,7.81,,,,
6,12A,08-25,12.7,29.4,7.79,,,,
6,12A,08-26,12.1,29.4,7.76,,,,
6,12A,08-27,12.3,29.3,7.74,,,,
6,12A,08-28,12.8,29.2,7.79,,,,
6,12A,08-29,12.8,29.5,7.74,,,,
6,12A,08-30,12.6,29.4,7.85,,,,
6,12A,08-31,12.7,29.6,7.76,,,,
6,12A,09-01,12.4,29.7,7.73,,,,
6,12A,09-02,12.2,29.9,7.74,,,,
6,12A,09-03,12.8,29.3,7.74,,,,
6,12A,09-04,12.5,29.3,7.74,,,,
6,12A,09-05,12.4,29.4,7.69,,,,
6,12A,09-06,12.4,29.5,7.7,,,,
6,12A,09-07,31.1,29.2,7.73,,,,
6,12A,09-08,,,,,,,
6,12A,09-09,,,,,,,
6,12A,09-10,12.1,29.5,7.73,,,,
6,12A,09-11,12.2,29.2,7.78,,,,
6,12A,09-12,12.9,29.4,7.71,,,,
6,12A,09-13,11.9,29.5,7.73,,,,
6,12A,09-14,12.6,29.6,7.96,,,,
6,12A,09-15,,,,,,,
6,12A,09-16,,,,,,,
6,12A,09-17,12.6,29.8,7.75,,,,
6,12A,09-18,12.1,29.6,7.77,,,,
6,12A,09-19,12.2,29.9,7.67,,,,
6,12A,09-20,12.1,29.7,7.73,,,,
6,12A,09-21,,,,,,,
6,12A,09-22,,,,,,,
6,12A,09-23,,,,,,,
6,12A,09-24,,,,,,,
6,12A,09-25,12.4,29.6,6.36,,,,
6,12A,09-26,12.6,29.5,,,,,
6,12A,09-27,12.2,29.9,,,,,
6,12A,09-28,,,,,,,
6,12A,09-29,,,,,,,
6,12A,09-30,,,,,,,
6,12A,10-01,,,,,,,
6,12A,10-02,12,29.7,,,,,
6,12A,10-03,,,,,,,
6,12A,10-04,12.1,29.8,,,,,
6,12A,10-05,12.3,29.7,,,,,
,12A,10-06,,,,,,,
,,10-07,,,,,,,
,,10-08,,,,,,,
,,10-09,12.7,30,,,,,
,,10-10,15.7,29.9,,,,,
,,10-11,15.8,30,,,,,
,,10-12,,,,,,,
,,10-13,,,,,,,
,,10-14,,,,,,,
,,10-15,,,,,,,
,,10-16,16,30.3,7.83,,,,
,,10-17,16,30.4,7.87,,,,
,,10-18,16.1,30.6,7.81,,,,
,,10-19,,,,,,,
,,10-20,,,,,,,
,,10-21,,,,,,,
,,10-22,,,,,,,
,,10-23,15.7,,7.86,,,,
,,10-24,,,,,,,
,,10-25,,,,,,,
,,10-26,,,,,,,
,,10-27,,,,,,,
,,10-28,,,,,,,
,,10-29,,,,,,,
,,10-30,,,,,,,
,,10-31,,,,,,,
,,11-01,,,,,,,
,,11-02,,,,,,,
,,11-03,,,,,,,
,,11-04,,,,,,,
,,11-05,,,,,,,
,,11-06,,,,,,,
,,11-07,,,,,,,
,,11-08,,,,,,,
,,11-09,,,,,,,
,,11-10,,,,,,,
,,11-11,,,,,,,
,,11-12,,,,,,,
,,11-13,,,,,,,
,,11-14,,,,,,,
,,11-15,,,,,,,
,,11-16,,,,,,,
,,11-17,,,,,,,
,,11-18,,,,,,,
,,11-19,,,,,,,
,,11-20,,,,,,,
,,11-21,,,,,,,
,,11-22,,,,,,,
,,11-23,,,,,,,
,,11-24,,,,,,,
,,11-25,,,,,,,
,,11-26,,,,,,,
,,11-27,,,,,,,
,,11-28,,,,,,,
7,15A,07-03,12,29.3,7.88,,,,
7,15A,07-08,11.3,29.3,7.91,,,,
7,15A,07-18,16.2,29.3,,,,,
7,15A,07-19,15.6,29.4,7.89,,,,
7,15A,07-20,15.2,29.2,,,,,
7,15A,07-22,16.1,29.4,7.92,,,,
7,15A,07-23,16.6,29.4,7.86,,,,
7,15A,07-24,16.3,29.7,7.88,,,,
7,15A,07-27,19,29.7,7.77,,,,
7,15A,07-29,16.9,29.3,7.82,,,,
7,15A,07-30,17.2,29.4,7.76,,,,
7,15A,07-31,20.3,29.4,7.86,,,,
7,15A,08-01,15.3,29.7,7.88,,,,
7,15A,08-02,15.8,29.5,7.82,,,,
7,15A,08-03,15.6,29.6,7.82,,,,
7,15A,08-04,15.8,29.7,7.76,,,,
7,15A,08-05,15.7,29.7,7.74,,,,
7,15A,08-06,15.2,29.6,7.76,,,,
7,15A,08-07,15,29.6,7.74,,,,
7,15A,08-08,15.1,29.6,7.77,,,,
7,15A,08-09,14.7,29.6,7.79,,,,
7,15A,08-10,15.6,30,7.76,,,,
7,15A,08-11,15.5,29.7,7.83,,,,
7,15A,08-12,15.3,29.7,7.87,,,,
7,15A,08-13,15.4,29.7,7.76,,,,
7,15A,08-14,15.7,29.7,7.75,,,,
7,15A,08-15,15.4,30,7.77,,,,
7,15A,08-16,15.3,29.8,7.81,,,,
7,15A,08-17,15.6,29.6,7.76,,,,
7,15A,08-18,15.2,29.5,7.72,,,,
7,15A,08-19,15,29.9,7.64,,,,
7,15A,08-20,15.5,29.4,7.67,,,,
7,15A,08-21,15.5,29.5,7.73,,,,
7,15A,08-22,15.4,29.6,7.76,,,,
7,15A,08-23,15.2,29.5,7.62,,,,
7,15A,08-24,15.6,29.6,7.69,,,,
7,15A,08-25,15.5,29.7,7.63,,,,
7,15A,08-26,15.1,29.6,7.66,,,,
7,15A,08-27,15.5,29.6,7.61,,,,
7,15A,08-28,15.3,29.8,7.6,,,,
7,15A,08-29,15,29.5,7.61,,,,
7,15A,08-30,15.1,30.1,7.61,,,,
7,15A,08-31,15.3,29.5,7.61,,,,
7,15A,09-01,15.4,29.8,7.47,,,,
7,15A,09-02,15.4,29.8,7.52,,,,
7,15A,09-03,15,29.5,7.52,,,,
7,15A,09-04,15.4,29.6,7.5,,,,
7,15A,09-05,15.7,27.3,7.57,,,,
7,15A,09-06,15.4,29.7,7.58,,,,
7,15A,09-07,15.2,29.6,7.51,,,,
7,15A,09-08,,,,,,,
7,15A,09-09,,,,,,,
7,15A,09-10,15.5,29.9,7.45,,,,
7,15A,09-11,15,29.3,7.6,,,,
7,15A,09-12,15.7,29.7,7.51,,,,
7,15A,09-13,15.3,29.7,7.48,,,,
7,15A,09-14,15.8,29.5,7.56,,,,
7,15A,09-15,,,,,,,
7,15A,09-16,,,,,,,
7,,09-17,15.6,30.1,7.51,,,,
7,,09-18,15.4,29.4,7.66,,,,
7,,09-19,15.7,29.7,7.47,,,,
7,,09-20,215.2,29.7,7.57,,,,
7,,09-21,,,,,,,
,,09-22,,,,,,,
,,09-23,,,,,,,
,,09-24,,,,,,,
,,09-25,15.6,30,6.36,,,,
,,09-26,15.4,29.8,,,,,
,,09-27,15.1,30,,,,,
,,09-28,,,,,,,
,,09-29,,,,,,,
,,09-30,,,,,,,
,,10-01,,,,,,,
,,10-02,15.4,30.1,,,,,
,,10-03,,,,,,,
,,10-04,15.5,30.3,,,,,
,,10-05,15.9,30.5,,,,,
,,10-06,,,,,,,
,,10-07,,,,,,,
,,10-08,,,,,,,
,,10-09,15.5,30.5,,,,,
,,10-10,15,30.8,,,,,
,,10-11,15.6,30.6,,,,,
,,10-12,,,,,,,
,,10-13,,,,,,,
,,10-14,,,,,,,
,,10-15,,,,,,,
,,10-16,15,30.6,7.5,,,,
,,10-17,15.6,30.6,7.54,,,,
,,10-18,15.4,29.7,7.58,,,,
,,10-19,,,,,,,
,,10-20,,,,,,,
,,10-21,,,,,,,
,,10-22,,,,,,,
,,10-23,15.4,29.7,7.58,,,,
,,10-24,,,,,,,
,,10-25,,,,,,,
,,10-26,,,,,,,
8,22A,07-03,12.7,29.7,7.8,,,,
8,22A,07-08,12.7,29.9,7.85,,,,
8,22A,07-18,16.8,30.2,,,,,
8,22A,07-19,18.2,29.8,7.85,,,,
8,22A,07-20,18,29.8,,,,,
8,22A,07-22,19.1,29.8,7.88,,,,
8,22A,07-23,21.3,29.9,7.84,,,,
8,22A,07-24,21.9,29.9,7.85,,,,
8,22A,07-27,22.5,30.1,7.75,,,,
8,22A,07-29,22.4,30.2,7.82,,,,
8,22A,07-30,21.9,30,7.72,,,,
8,22A,07-31,26.1,30.3,7.78,,,,
8,22A,08-01,22,30.5,7.86,,,,
8,22A,08-02,21.9,30.5,7.8,,,,
8,22A,08-03,21.8,30.7,7.84,,,,
8,22A,08-04,21.5,30.7,7.79,,,,
8,22A,08-05,21.6,30.7,7.78,,,,
8,22A,08-06,22,31.2,7.85,,,,
8,22A,08-07,22.1,31.1,7.8,,,,
8,22A,08-08,21.8,30.7,7.84,,,,
8,22A,08-09,22.2,29,7.86,,,,
8,22A,08-10,22.1,30,7.87,,,,
8,22A,08-11,21.9,29.8,7.9,,,,
8,22A,08-12,22.3,30.2,7.94,,,,
8,22A,08-13,22.1,30.4,7.71,,,,
8,22A,08-14,22.2,30.3,7.84,,,,
8,22A,08-15,22.1,30.2,7.84,,,,
8,22A,08-16,21.7,30.6,7.89,,,,
8,22A,08-17,22.2,30.7,7.84,,,,
8,22A,08-18,22.4,30.7,7.85,,,,
8,22A,08-19,21.4,30.7,7.89,,,,
8,22A,08-20,21.6,31.2,7.92,,,,
8,22A,08-21,21.5,31.2,7.83,,,,
8,22A,08-22,21.4,30.6,7.82,,,,
8,22A,08-23,21.4,30.7,7.83,,,,
8,22A,08-24,21.3,30.7,7.87,,,,
8,22A,08-25,21.6,31,7.85,,,,
8,22A,08-26,21.8,31.1,7.84,,,,
8,22A,08-27,21.5,31.3,7.83,,,,
8,22A,08-28,21.6,31.3,7.78,,,,
8,22A,08-29,21.4,29.5,7.74,,,,
8,22A,08-30,21,29.5,7.86,,,,
8,22A,08-31,21.8,29.6,7.85,,,,
8,22A,09-01,21.5,29.9,7.84,,,,
8,22A,09-02,21.4,29.9,7.83,,,,
8,22A,09-03,21.4,30,7.82,,,,
8,22A,09-04,21.4,30.1,7.8,,,,
9,12A,07-03,11.7,29.6,7.88,,,,
9,12A,07-08,12.1,21.5,7.91,,,,
9,12A,07-18,13,29.4,,,,,
9,12A,07-20,12.5,29.5,,,,,
9,12A,07-22,12.6,29.7,7.88,,,,
9,12A,07-23,13.7,29.6,7.82,,,,
9,12A,07-24,12.8,29.6,7.81,,,,
9,12A,07-27,15.1,29.6,7.72,,,,
9,12A,07-29,16.4,29.7,7.8,,,,
9,12A,07-30,17.5,29.7,7.72,,,,
9,12A,07-31,18.8,29.6,7.84,,,,
9,12A,08-01,12.9,29.7,7.88,,,,
9,12A,08-02,13,29.6,7.8,,,,
9,12A,08-03,12.4,30.1,7.81,,,,
9,12A,08-04,12.2,29.7,7.74,,,,
9,12A,08-05,12.9,29.8,7.69,,,,
9,12A,08-06,13.4,29.6,7.74,,,,
9,12A,08-07,13,29.8,7.76,,,,
9,12A,08-08,12.4,29.5,7.73,,,,
9,12A,08-09,13.7,29.5,7.73,,,,
9,12A,08-10,14.5,29.6,7.77,,,,
9,12A,08-11,12.5,29.5,7.77,,,,
9,12A,08-12,12.4,29.5,7.79,,,,
9,12A,08-13,12.7,29.3,7.74,,,,
9,12A,08-14,12.6,29.5,7.68,,,,
9,12A,08-15,12.5,29.5,7.68,,,,
9,12A,08-16,12.3,29.3,7.72,,,,
9,12A,08-17,12.1,29.3,7.68,,,,
9,12A,08-18,12.9,29.3,7.7,,,,
9,12A,08-19,13,29.4,7.7,,,,
9,12A,08-20,12.4,29.3,7.66,,,,
9,12A,08-21,13.1,29.2,7.64,,,,
9,12A,08-22,12.6,29.2,7.68,,,,
9,12A,08-23,12.4,29.4,7.69,,,,
9,12A,08-24,12.5,29.1,7.66,,,,
9,12A,08-25,13.1,29.2,7.69,,,,
9,12A,08-26,12.6,29.2,7.63,,,,
9,12A,08-27,12.4,29.2,7.64,,,,
9,12A,08-28,12.4,29.3,7.6,,,,
9,12A,08-29,13.2,30.2,7.66,,,,
9,12A,08-30,12.9,28.9,7.6,,,,
9,12A,08-31,12.8,29.1,7.66,,,,
9,12A,09-01,12.4,29.2,7.61,,,,
9,12A,09-02,13.3,29,7.51,,,,
9,12A,09-03,12.7,29,7.61,,,,
9,12A,09-04,12.9,28.7,7.51,,,,
9,12A,09-05,12.2,29.3,7.48,,,,
9,12A,09-06,12.7,29,7.45,,,,
9,12A,09-07,12.4,29.2,7.51,,,,
,,09-08,,,,,,,
,,09-09,,,,,,,
,,09-10,13.2,29.4,7.41,,,,
,,09-11,12.6,29.1,7.48,,,,
,,09-12,12.4,29.4,7.4,,,,
,,09-13,12.3,29.1,7.44,,,,
,,09-14,12.9,29,7.51,,,,
,,09-15,,,,,,,
,,09-16,,,,,,,
,,09-17,12.7,29.2,7.37,,,,
,,09-18,13,29.9,7.42,,,,
,,09-19,12.7,29.1,7.53,,,,
,,09-20,12.4,29.2,7.42,,,,
,,09-21,,,,,,,
,,09-22,,,,,,,
,,09-23,,,,,,,
,,09-24,,,,,,,
,,09-25,12.3,29.1,6.36,,,,
,,09-26,12.4,29.6,,,,,
,,09-27,12.7,29.3,,,,,
,,09-28,,,,,,,
,,09-29,,,,,,,
,,09-30,,,,,,,
,,10-01,,,,,,,
,,10-02,12.6,29.3,,,,,
,,10-03,,,,,,,
,,10-04,12.7,29.3,,,,,
,,10-05,12.8,29.3,,,,,
,,10-06,,,,,,,
,,10-07,,,,,,,
,,10-08,,,,,,,
,,10-09,12.8,29.4,,,,,
,,10-10,16.8,29.8,,,,,
,,10-11,,,,,,,
,,10-12,,,,,,,
,,10-13,,,,,,,
,,10-14,,,,,,,
,,10-15,,,,,,,
,,10-16,16.5,29.4,7.42,,,,
,,10-17,16.5,29.4,7.51,,,,
,,10-18,16.3,29.4,7.48,,,,
,,10-19,,,,,,,
,,10-20,,,,,,,
,,10-21,,,,,,,
,,10-22,,,,,,,
,,10-23,16.4,29.4,7.6,,,,
,,10-24,16.1,29.4,7.65,,,,
,,10-25,,,,,,,
,,10-26,,,,,,,
,,10-27,,,,,,,
,,10-28,,,,,,,
,,10-29,,,,,,,
,,10-30,,,,,,,
,,10-31,,,,,,,
,,11-01,,,,,,,
,,11-02,,,,,,,
10,19A,07-03,12,29.3,7.84,,,,
10,19A,07-08,12.2,29.4,7.88,,,,
10,19A,07-18,12,29.6,,,,,
10,19A,07-19,15.2,29.7,7.84,,,,
10,19A,07-20,15.3,29.4,,,,,
10,19A,07-22,16,29.3,7.86,,,,
10,19A,07-23,18.2,29.5,7.82,,,,
10,19A,07-24,17.9,29.4,7.81,,,,
10,19A,07-27,18.5,29.4,7.77,,,,
10,19A,07-29,18.5,29.6,7.83,,,,
10,19A,07-30,18.6,29.7,7.75,,,,
10,19A,07-31,20.7,29.5,7.82,,,,
10,19A,08-01,19.4,29.5,7.9,,,,
10,19A,08-02,19.6,29.7,7.83,,,,
10,19A,08-03,19.2,29.2,7.84,,,,
10,19A,08-04,19,29.7,7.76,,,,
10,19A,08-05,19.3,29.8,7.73,,,,
10,19A,08-06,19,29.9,7.75,,,,
10,19A,08-07,19.6,29.7,7.77,,,,
10,19A,08-08,19,29.9,7.77,,,,
10,19A,08-09,19,29.9,7.78,,,,
10,19A,08-10,19.1,30,7.82,,,,
10,19A,08-11,19.1,30,7.8,,,,
10,19A,08-12,19.3,30,7.81,,,,
10,19A,08-13,19.5,30.1,7.77,,,,
10,19A,08-14,19.5,30.1,7.81,,,,
10,19A,08-15,19.2,30,7.73,,,,
10,19A,08-16,19.1,30.1,7.73,,,,
10,19A,08-17,19.3,30.2,7.76,,,,
10,19A,08-18,19.2,30.2,7.71,,,,
10,19A,08-19,18.9,30.1,7.78,,,,
10,19A,08-20,19.1,30.3,7.74,,,,
10,19A,08-21,19.2,30.3,7.7,,,,
10,19A,08-22,19.2,30.3,7.7,,,,
10,19A,08-23,19.1,30.3,7.7,,,,
10,19A,08-24,19.3,30.3,7.65,,,,
10,19A,08-25,19.1,30.2,7.69,,,,
10,19A,08-26,19.5,30.3,7.7,,,,
10,19A,08-27,19.6,30.3,7.73,,,,
10,19A,08-28,19.1,30.3,7.58,,,,
10,19A,08-29,19.1,30.2,7.59,,,,
10,19A,08-30,19.1,30.1,7.76,,,,
10,19A,08-31,19.2,30.5,7.62,,,,
10,19A,09-01,19.3,30.3,7.59,,,,
10,19A,09-02,19.3,30.3,7.64,,,,
10,19A,09-03,19.3,30.5,7.66,,,,
10,19A,09-04,19.9,30.2,7.65,,,,
10,19A,09-05,19.6,30.5,7.58,,,,
10,19A,09-06,19.4,30.5,7.61,,,,
10,19A,09-07,19.5,30,7.65,,,,
10,19A,09-08,,,,,,,
10,19A,09-09,,,,,,,
10,19A,09-10,19.3,30.7,7.63,,,,
10,19A,09-11,19.1,30.3,7.55,,,,
10,19A,09-12,19.2,30.5,7.63,,,,
10,19A,09-13,19.1,30.7,7.67,,,,
10,19A,09-14,19.1,30.6,7.65,,,,
10,19A,09-15,,,,,,,
,,09-16,,,,,,,
,,09-17,18.9,30.5,7.66,,,,
,,09-18,19.3,30.4,7.51,,,,
,,09-19,19.1,30.9,7.74,,,,
,,09-20,19.5,30.9,7.71,,,,
,,09-21,,,,,,,
,,09-22,,,,,,,
,,09-23,,,,,,,
,,09-24,,,,,,,
,,09-25,19.3,31.2,6.39,,,,
,,09-26,19.2,31.2,,,,,
,,09-27,19.3,31.1,,,,,
,,09-28,,,,,,,
,,09-29,,,,,,,
,,09-30,,,,,,,
,,10-01,,,,,,,
,,10-02,19.2,31.3,,,,,
,,10-03,,,,,,,
,,10-04,18.9,31.7,,,,,
,,10-05,18.6,31.7,,,,,
,,10-06,,,,,,,
,,10-07,,,,,,,
,,10-08,,,,,,,
,,10-09,19.3,31.7,,,,,
,,10-10,15.6,31.8,,,,,
,,10-11,15.7,31.1,7.69,,,,
,,10-12,,,,,,,
,,10-13,,,,,,,
,,10-14,,,,,,,
,,10-15,,,,,,,
,,10-16,16,29.1,7.69,,,,
,,10-17,15.9,19.4,7.68,,,,
,,10-18,15.4,29.5,7.71,,,,
,,10-19,,,,,,,
,,10-20,,,,,,,
,,10-21,,,,,,,
,,10-22,,,,,,,
,,10-23,16.1,29.6,7.72,,,,
,,10-24,,,7.45,,,,
,,10-25,,,,,,,
,,10-26,,,,,,,
,,10-27,,,,,,,
11,15A,07-03,12.5,30.8,7.88,,,,
11,15A,07-08,12.5,30.5,7.93,,,,
11,15A,07-18,16.3,30.6,,,,,
11,15A,07-19,16,30.5,7.9,,,,
11,15A,07-20,16.2,30.5,,,,,
11,15A,07-22,16.3,30.6,7.9,,,,
11,15A,07-23,18,30.6,7.88,,,,
11,15A,07-24,16.8,30.7,7.88,,,,
11,15A,07-27,19.3,30.8,7.78,,,,
11,15A,07-29,18.2,30.8,7.84,,,,
11,15A,07-30,19.3,30.7,7.77,,,,
11,15A,07-31,20.2,30.8,7.86,,,,
11,15A,08-01,16,30.8,7.89,,,,
11,15A,08-02,16,30.8,7.82,,,,
11,15A,08-03,15.9,30.8,7.8,,,,
11,15A,08-04,15.8,30.8,7.73,,,,
11,15A,08-05,15.8,30.8,7.71,,,,
11,15A,08-06,16.1,30.9,7.73,,,,
11,15A,08-07,16.4,30.9,7.76,,,,
11,15A,08-08,16.6,31,7.73,,,,
11,15A,08-09,17.4,31,7.67,,,,
11,15A,08-10,18.1,30.8,7.77,,,,
11,15A,08-11,16.1,30.8,7.75,,,,
11,15A,08-12,15.9,30.8,7.77,,,,
11,15A,08-13,16,30.8,7.74,,,,
11,15A,08-14,15.9,30.8,7.65,,,,
11,15A,08-15,16.3,30.7,7.67,,,,
11,15A,08-16,16.1,29.8,7.64,,,,
11,15A,08-17,15.9,29.9,7.65,,,,
11,15A,08-18,15.9,29.7,7.65,,,,
11,15A,08-19,15.8,29.8,7.64,,,,
11,15A,08-20,16,29.9,7.61,,,,
11,15A,08-21,16.5,29.6,7.54,,,,
11,15A,08-22,16.9,29.8,7.64,,,,
11,15A,08-23,16.2,29.5,7.64,,,,
11,15A,08-24,16.4,29.5,7.64,,,,
11,15A,08-25,15.9,29.6,7.65,,,,
11,15A,08-26,16.1,29.6,7.62,,,,
11,15A,08-27,15.9,29.6,7.66,,,,
11,15A,08-28,16,29.6,7.56,,,,
11,15A,08-29,16.2,29.7,7.57,,,,
11,15A,08-30,16,29.5,7.61,,,,
11,15A,08-31,16.3,29.6,7.57,,,,
11,15A,09-01,15.9,29.5,7.55,,,,
11,15A,09-02,15.7,29.5,7.53,,,,
11,15A,09-03,16.1,29.6,7.51,,,,
11,15A,09-04,16.2,29.5,7.57,,,,
11,15A,09-05,15.8,29.5,7.4,,,,
11,15A,09-06,16,29.6,,,,,
11,15A,09-07,23.5,29.4,7.48,,,,
11,15A,09-08,,,,,,,
11,15A,09-09,,,,,,,
11,15A,09-10,20.8,29.6,7.48,,,,
11,15A,09-11,21.1,29.7,7.53,,,,
11,15A,09-12,20.5,29.7,7.49,,,,
11,15A,09-13,20.3,29.8,7.55,,,,
11,15A,09-14,17.6,29.7,7.5,,,,
11,15A,09-15,,,,,,,
11,,09-16,,,,,,,
11,,09-17,17.5,29.6,7.46,,,,
11,,09-18,17.5,29.9,7.5,,,,
11,,09-19,17.3,30,7.53,,,,
11,,09-20,17.8,30.1,7.49,,,,
11,,09-21,,,,,,,
11,,09-22,,,,,,,
11,,09-23,,,,,,,
11,,09-24,,,,,,,
11,,09-25,17.4,29.9,6.41,,,,
,,09-26,17.6,30.1,,,,,
,,09-27,17.2,30.3,,,,,
,,09-28,,,,,,,
,,09-29,,,,,,,
,,09-30,,,,,,,
,,10-01,,,,,,,
,,10-02,17.7,30.4,,,,,
,,10-03,,,,,,,
,,10-04,,,,,,,
,,10-05,17.7,30.6,,,,,
,,10-06,,,,,,,
,,10-07,,,,,,,
,,10-08,,,,,,,
,,10-09,17.7,30.6,,,,,
,,10-10,16.7,30.5,,,,,
,,10-11,16.6,30.6,,,,,
,,10-12,,,,,,,
,,10-13,,,,,,,
,,10-14,,,,,,,
,,10-15,,,,,,,
,,10-16,16.6,30.6,7.49,,,,
,,10-17,16.5,30.6,7.54,,,,
,,10-18,16.6,30.6,7.51,,,,
,,10-19,,,,,,,
,,10-20,,,,,,,
,,10-21,,,,,,,
,,10-22,,,,,,,
,,10-23,16.7,,7.59,,,,
,,10-24,,,,,,,
,,10-25,,,,,,,
,,10-26,,,,,,,
,,10-27,,,,,,,
,,10-28,,,,,,,
12,12A,07-03,11.2,29.6,7.88,,,,
12,12A,07-08,11.2,29.4,7.91,,,,
12,12A,07-18,15.3,29.5,,,,,
12,12A,07-19,12.3,29.9,7.97,,,,
12,12A,07-20,12.6,29.6,,,,,
12,12A,07-22,12.9,29.6,7.88,,,,
12,12A,07-23,14.8,29.5,7.86,,,,
12,12A,07-24,15,29.7,7.86,,,,
12,12A,07-27,17.3,29.7,7.78,,,,
12,12A,07-29,17.1,29.7,7.84,,,,
12,12A,07-30,18.3,29.7,7.75,,,,
12,12A,07-31,20.9,29.8,7.88,,,,
12,12A,08-01,13.7,29.9,7.91,,,,
12,12A,08-02,12.1,30.1,7.81,,,,
12,12A,08-03,11.9,29.9,7.8,,,,
12,12A,08-04,12.4,30,7.74,,,,
12,12A,08-05,13.3,29.6,7.64,,,,
12,12A,08-06,14.8,29.7,7.74,,,,
12,12A,08-07,15.2,29.6,7.77,,,,
12,12A,08-08,16.8,29.6,7.8,,,,
12,12A,08-09,18,28.9,7.72,,,,
12,12A,08-10,17.3,29,7.78,,,,
12,12A,08-11,16.1,28.9,7.77,,,,
12,12A,08-12,13,28.9,7.79,,,,
12,12A,08-13,13.1,28.9,7.73,,,,
12,12A,08-14,14.1,28.7,7.66,,,,
12,12A,08-15,15,28.7,7.66,,,,
12,12A,08-16,14.8,28.8,7.68,,,,
12,12A,08-17,12.1,28.8,7.7,,,,
12,12A,08-18,12.5,29,7.64,,,,
12,12A,08-19,13.2,28.8,,,,,
12,12A,08-20,13.2,29,7.65,,,,
12,12A,08-21,14.1,28.8,7.58,,,,
12,12A,08-22,15.9,28.8,7.68,,,,
12,12A,08-23,14.6,28.8,7.67,,,,
12,12A,08-24,13.6,28.8,7.65,,,,
12,12A,08-25,12.1,28.6,7.67,,,,
12,12A,08-26,13,28.7,7.71,,,,
12,12A,08-27,12.5,28.8,7.7,,,,
12,12A,08-28,13.7,28.9,7.61,,,,
12,12A,08-29,14.3,28.7,7.62,,,,
12,12A,08-30,13.4,28.9,7.64,,,,
12,12A,08-31,11.9,28.9,7.56,,,,
12,12A,09-01,12.6,28.8,7.54,,,,
12,12A,09-02,13.1,28.8,7.52,,,,
12,12A,09-03,13.3,28.8,7.52,,,,
12,12A,09-04,14.3,28.9,7.53,,,,
12,12A,09-05,12.4,28.8,7.48,,,,
12,12A,09-06,14.4,28.8,7.41,,,,
12,12A,09-07,14.2,28.9,7.47,,,,
12,12A,09-08,,,,,,,
12,12A,09-09,,,,,,,
12,12A,09-10,12.7,29.2,7.43,,,,
12,12A,09-11,13.5,29.4,7.47,,,,
12,12A,09-12,11.9,28.8,7.44,,,,
12,,09-13,12.1,28.9,7.42,,,,
12,,09-14,12.6,28.9,7.49,,,,
12,,09-15,,,,,,,
12,,09-16,,,,,,,
12,,09-17,12.3,29.1,7.41,,,,
12,,09-18,12.2,29.3,7.48,,,,
12,,09-19,12.1,29.1,7.52,,,,
12,,09-20,12.3,29,7.42,,,,
12,,09-21,,,,,,,
12,,09-22,,,,,,,
12,,09-23,,,,,,,
12,,09-24,,,,,,,
12,,09-25,12,28.9,6.32,,,,
12,,09-26,12.6,27,,,,,
12,,09-27,12.7,29.4,,,,,
12,,09-28,,,,,,,
12,,09-29,,,,,,,
12,,09-30,,,,,,,
12,,10-01,,,,,,,
,,10-02,12.2,29.1,,,,,
,,10-03,,,,,,,
,,10-04,12.3,29.1,,,,,
,,10-05,11.9,29.1,,,,,
,,10-06,,,,,,,
,,10-07,,,,,,,
,,10-08,,,,,,,
,,10-09,12,29.5,,,,,
,,10-10,15.9,29.2,,,,,
,,10-11,15.8,29.2,7.43,,,,
,,10-12,,,,,,,
,,10-13,,,,,,,
,,10-14,,,,,,,
,,10-15,,,,,,,
,,10-16,16,29.2,7.5,,,,
,,10-17,15.6,29.3,7.51,,,,
,,10-18,15.7,29.2,7.57,,,,
,,10-19,,,,,,,
,,10-20,,,,,,,
,,10-21,,,,,,,
,,10-22,,,,,,,
,,10-23,15.6,29.3,7.63,,,,
,,10-24,,,,,,,
,,10-25,,,7.72,,,,
,,10-26,,,,,,,
,,10-27,,,,,,,
,,10-28,,,,,,,
,,10-29,,,,,,,
,,10-30,,,,,,,
13,19A,07-03,11.6,30.1,7.87,,,,
13,19A,07-08,12,30,7.9,,,,
13,19A,07-18,12.1,30,,,,,
13,19A,07-19,15.5,30.1,7.88,,,,
13,19A,07-20,15.3,29.9,,,,,
13,19A,07-22,16.9,30,7.9,,,,
13,19A,07-23,18.2,29.8,7.85,,,,
13,19A,07-24,18.4,29.9,7.85,,,,
13,19A,07-27,17.9,30,7.75,,,,
13,19A,07-29,18.2,30,7.72,,,,
13,19A,07-30,18.7,30,7.77,,,,
13,19A,07-31,18.8,30,7.83,,,,
13,19A,08-01,19,30.1,7.89,,,,
13,19A,08-02,19,30.2,7.82,,,,
13,19A,08-03,19,30.2,7.82,,,,
13,19A,08-04,18.7,30.3,7.75,,,,
13,19A,08-05,18.7,30.3,7.73,,,,
13,19A,08-06,18.5,30.4,7.75,,,,
13,19A,08-07,18.6,30.4,7.76,,,,
13,19A,08-08,18.5,30.4,7.73,,,,
13,19A,08-09,18.8,30.4,7.72,,,,
13,19A,08-10,18.5,30.3,7.7,,,,
13,19A,08-11,18.9,30.3,7.77,,,,
13,19A,08-12,18.9,30.4,7.8,,,,
13,19A,08-13,18.6,30.4,7.74,,,,
13,19A,08-14,18.7,30.2,7.68,,,,
13,19A,08-15,18.2,30.4,7.65,,,,
13,19A,08-16,18.6,30.2,7.63,,,,
13,19A,08-17,18.6,30.4,7.66,,,,
13,19A,08-18,18.6,30.3,7.68,,,,
13,19A,08-19,18.4,30.4,7.67,,,,
13,19A,08-20,18.7,30.5,7.68,,,,
13,19A,08-21,18.7,30.2,7.54,,,,
13,19A,08-22,18.7,30,7.6,,,,
13,19A,08-23,18.8,30.1,7.62,,,,
13,19A,08-24,18.8,29.9,7.67,,,,
13,19A,08-25,18.8,29.9,7.66,,,,
13,19A,08-26,19.3,30.1,7.65,,,,
13,19A,08-27,18.6,30.1,7.69,,,,
13,19A,08-28,18.7,30.1,7.57,,,,
13,19A,08-29,18.8,30,7.54,,,,
13,19A,08-30,18.7,30.1,7.71,,,,
13,19A,08-31,19,30,7.61,,,,
13,19A,09-01,18.6,30.1,7.58,,,,
13,19A,09-02,18.4,30,7.62,,,,
13,19A,09-03,18.7,30.1,7.59,,,,
13,19A,09-04,18.7,30.1,7.63,,,,
13,19A,09-05,18.5,30.3,7.51,,,,
13,19A,09-06,18.7,30.2,7.44,,,,
13,19A,09-07,19,30.3,,,,,
13,19A,09-08,,,"
",,,,
13,19A,09-09,,,,,,,
13,19A,09-10,18.8,30.3,,,,,
13,19A,09-11,18.6,30.3,,,,,
13,19A,09-12,18.7,30.4,,,,,
13,19A,09-13,18.9,30.4,,,,,
13,,09-14,18.8,30.5,,,,,
13,,09-15,,,,,,,
13,,09-16,,,,,,,
13,,09-17,18.9,30.5,,,,,
13,,09-18,18.9,30.5,,,,,
13,,09-19,18.8,30.6,,,,,
13,,09-20,19.1,30.6,,,,,
13,,09-21,,,,,,,
13,,09-22,,,,,,,
13,,09-23,,,,,,,
13,,09-24,,,,,,,
13,,09-25,19.3,31,,,,,
13,,09-26,18.9,31,,,,,
13,,09-27,18.8,31,,,,,
13,,09-28,,,,,,,
13,,09-29,,,,,,,
13,,09-30,,,,,,,
13,,10-01,,,,,,,
13,,10-02,18.9,31.3,,,,,
13,,10-03,,,,,,,
13,,10-04,19.2,31.4,,,,,
13,,10-05,19.5,31.4,,,,,
13,,10-06,,,,,,,
13,,10-07,,,,,,,
13,,10-08,,,,,,,
13,,10-09,18.7,31.5,,,,,
,,10-10,16.2,31.7,,,,,
,,10-11,15.6,31.6,,,,,
,,10-12,,,,,,,
,,10-13,,,,,,,
,,10-14,,,,,,,
,,10-15,,,,,,,
,,10-16,16,29.5,,,,,
,,10-17,15.6,29.5,,,,,
,,10-18,15.5,29.5,,,,,
,,10-19,,,,,,,
,,10-20,,,,,,,
,,10-21,,,,,,,
,,10-22,,,,,,,
,,10-23,16.2,29.7,,,,,
,,10-24,,,,,,,
,,10-25,,,,,,,
,,10-26,,,,,,,
,,10-27,,,,,,,
,,10-28,,,,,,,
,,10-29,16.4,29.9,,,,,
,,10-30,16.4,29.9,,,,,
,,10-31,,,,,,,
,,11-01,,,,,,,
,,11-02,,,,,,,
,,11-03,,,,,,,
,,11-04,,,,,,,
,,11-05,,,,,,,
14,15A,07-03,12,30,7.9,,,,
14,15A,07-08,11.9,30.1,,,,,
14,15A,07-18,13.7,30.2,7.88,,,,
14,15A,07-19,15,30.1,7.92,,,,
14,15A,07-20,15.1,30.2,7.85,,,,
14,15A,07-22,15.8,30.1,7.85,,,,
14,15A,07-23,15.1,30.1,7.75,,,,
14,15A,07-24,16.1,30.2,7.82,,,,
14,15A,07-27,16.2,30.1,7.77,,,,
14,15A,07-29,15.7,30.3,7.82,,,,
14,15A,07-30,17.4,30.2,7.77,,,,
14,15A,07-31,24.9,30.4,7.9,,,,
14,15A,08-01,17.1,30.4,7.93,,,,
14,15A,08-02,15.9,30.3,7.84,,,,
14,15A,08-03,15.9,30.5,7.85,,,,
14,15A,08-04,16.6,30.8,7.77,,,,
14,15A,08-05,15.7,30.7,7.77,,,,
14,15A,08-06,15.3,30.6,7.78,,,,
14,15A,08-07,15.8,30.5,7.79,,,,
14,15A,08-08,16.2,30.4,7.82,,,,
14,15A,08-09,15.4,30.4,7.75,,,,
14,15A,08-10,16.3,30.4,7.81,,,,
14,15A,08-11,16,30.7,7.83,,,,
14,15A,08-12,15.9,30.6,7.85,,,,
14,15A,08-13,15,30.7,7.76,,,,
14,15A,08-14,15.3,30.5,7.74,,,,
14,15A,08-15,16.2,30.7,7.72,,,,
14,15A,08-16,15.6,29.9,7.7,,,,
14,15A,08-17,15.3,29.8,7.74,,,,
14,15A,08-18,15.9,29.8,7.73,,,,
14,15A,08-19,15.3,30.2,,,,,
14,15A,08-20,15,29.8,7.75,,,,
14,15A,08-21,16,30,7.56,,,,
14,15A,08-22,14.9,29.8,7.7,,,,
14,15A,08-23,15.4,29.7,7.69,,,,
14,15A,08-24,15,29.7,7.74,,,,
14,15A,08-25,15.5,29.6,7.66,,,,
14,15A,08-26,16.1,29.7,7.66,,,,
14,15A,08-27,16,29.8,7.65,,,,
14,15A,08-28,16.6,29.7,7.59,,,,
14,15A,08-29,16,29.7,7.57,,,,
14,15A,08-30,15.9,29.7,7.59,,,,
14,15A,08-31,15.4,29.7,7.57,,,,
14,15A,09-01,15.2,29.7,7.68,,,,
14,15A,09-02,15.3,29.7,7.54,,,,
14,15A,09-03,15.3,29.8,7.54,,,,
15,22A,06-20,12.6,29.6,7.93,,,,
15,22A,06-21,13.2,29.6,7.9,,,,
15,22A,06-24,12.5,29.6,7.89,,,,
15,22A,06-25,12.5,29.6,7.9,,,,
15,22A,06-30,12.5,29.7,,,,,
15,22A,07-03,12.4,29.7,7.9,,,,
15,22A,07-08,12.5,29.6,7.93,,,,
15,22A,07-18,12.8,29.6,,,,,
15,22A,07-19,15.9,29.7,7.9,,,,
15,22A,07-20,15.5,29.6,,,,,
15,22A,07-22,17.3,29.5,7.93,,,,
15,22A,07-23,18.7,29.7,7.87,,,,
15,22A,07-24,22,29.7,7.93,,,,
15,22A,07-27,21.7,29.8,7.84,,,,
15,22A,07-29,22,29.8,7.9,,,,
15,22A,07-30,22.3,29.7,7.82,,,,
15,22A,07-31,22,29.7,7.89,,,,
15,22A,08-01,22.7,30,7.97,,,,
15,22A,08-02,22.2,30.1,7.91,,,,
15,22A,08-03,22.4,29.7,7.93,,,,
15,22A,08-04,22.2,30.2,7.85,,,,
15,22A,08-05,22.2,30.2,7.85,,,,
15,22A,08-06,21.8,30.6,7.89,,,,
15,22A,08-07,22.5,30.5,7.89,,,,
15,22A,08-08,21.6,30.4,7.9,,,,
15,22A,08-09,21.7,30.3,7.83,,,,
15,22A,08-10,22.4,30.5,7.92,,,,
15,22A,08-11,22.4,30.5,7.94,,,,
15,22A,08-12,21.8,30.6,7.98,,,,
15,22A,08-13,22.2,30.4,7.89,,,,
15,22A,08-14,22,30.8,7.88,,,,
15,22A,08-15,22,30.7,7.86,,,,
15,22A,08-16,22.6,29.9,7.88,,,,
15,22A,08-17,22.6,30.2,7.9,,,,
15,22A,08-18,22,30,7.9,,,,
15,22A,08-19,22.2,30.2,7.87,,,,
15,22A,08-20,22,30.3,7.96,,,,
15,22A,08-21,22.6,30.3,7.75,,,,
15,22A,08-22,21.8,30.3,7.83,,,,
15,22A,08-23,22.1,30.3,7.88,,,,
15,22A,08-24,22.1,29.9,7.86,,,,
15,22A,08-25,22.1,30.2,7.87,,,,
15,22A,08-26,22.4,30.4,7.91,,,,
15,22A,08-27,22.4,30.5,7.88,,,,
15,22A,08-28,22.3,30.6,7.8,,,,
15,22A,08-29,22,30.7,7.78,,,,
15,22A,08-30,22.5,30.5,7.92,,,,
15,22A,08-31,22.1,30.5,7.89,,,,
15,22A,09-01,22.3,30.6,7.88,,,,
15,22A,09-02,22.3,30.8,7.9,,,,
15,22A,09-03,22.2,30.9,7.92,,,,
15,22A,09-04,22.5,31.2,7.89,,,,
15,22A,09-05,22.2,31.2,7.79,,,,
15,22A,09-06,22.4,31.2,7.77,,,,
15,22A,09-07,24.8,31.1,7.83,,,,
15,,09-08,,,,,,,
15,,09-09,,,,,,,
15,,09-10,22.5,31.2,7.9,,,,
15,,09-11,22.1,31.3,7.77,,,,
15,,09-12,22.2,31.3,7.73,,,,
15,,09-13,22.4,31.6,7.9,,,,
15,,09-14,22.2,31.3,7.91,,,,
15,,09-15,,,,,,,
15,,09-16,,,,,,,
15,,09-17,22.7,31.7,7.94,,,,
15,,09-18,22.2,31.3,7.78,,,,
15,,09-19,21.9,31.8,7.72,,,,
15,,09-20,22.8,32,7.9,,,,
15,,09-21,,,,,,,
15,,09-22,,,,,,,
,,09-23,,,,,,,
,,09-24,,,,,,,
,,09-25,22.2,32.7,6.39,,,,
,,09-26,22,32.8,,,,,
,,09-27,22.5,32.8,,,,,
,,09-28,,,,,,,
,,09-29,,,,,,,
,,09-30,,,,,,,
,,10-01,,,,,,,
,,10-02,22.3,33,,,,,
,,10-03,,,,,,,
,,10-04,20.2,33,,,,,
,,10-05,19.7,33,,,,,
,,10-06,,,,,,,
,,10-07,,,,,,,
,,10-08,,,,,,,
,,10-09,19.7,33.2,,,,,
,,10-10,16.9,33.3,,,,,
,,10-11,16.8,33.2,,,,,
,,10-12,,,,,,,
,,10-13,,,,,,,
,,10-14,,,,,,,
,,10-15,,,,,,,
,,10-16,16.6,31.2,7.88,,,,
,,10-17,16.4,30.8,7.89,,,,
,,10-18,16.7,30.8,7.86,,,,
,,10-19,,,,,,,
,,10-20,,,,,,,
,,10-21,,,,,,,
,,10-22,,,,,,,
,,10-23,16.9,31.1,7.89,,,,
,,10-24,,,7.89,,,,
,,10-25,,,7.92,,,,
,,10-26,,,,,,,
,,10-27,,,,,,,
,,10-28,,,,,,,
,,10-29,16.7,31.1,7.95,,,,
,,10-30,16.9,31.1,7.95,,,,
16,12A,06-20,13.3,30.5,7.93,,,,
16,12A,06-21,12.3,30.5,7.9,,,,
16,12A,06-24,12.3,30.5,7.86,,,,
16,12A,06-25,12.1,30.5,7.87,,,,
16,12A,06-30,12.3,30.6,,,,,
16,12A,07-03,12.2,30.5,,,,,
16,12A,07-08,12.5,30.5,7.81,,,,
16,12A,07-18,15.7,30.5,7.9,,,,
16,12A,07-19,13.8,30.6,,,,,
16,12A,07-20,14.4,30.6,7.88,,,,
16,12A,07-22,14.2,30.6,,,,,
16,12A,07-23,16.6,30.6,7.92,,,,
16,12A,07-24,16.5,30.6,7.85,,,,
16,12A,07-27,18.7,30.7,7.75,,,,
16,12A,07-29,17.6,30.7,7.92,,,,
16,12A,07-30,17.5,30.5,7.78,,,,
16,12A,7-31,21.7,30.6,7.85,,,,
16,12A,08-01,16.8,30.7,7.9,,,,
16,12A,08-02,13.4,30.7,7.82,,,,
16,12A,08-03,14.2,30.8,7.78,,,,
16,12A,08-04,15,30.8,7.75,,,,
16,12A,08-05,15.7,30.7,7.73,,,,
16,12A,08-06,17.1,30.9,7.75,,,,
16,12A,08-07,16.7,30.9,7.77,,,,
16,12A,08-08,18.7,30.1,7.8,,,,
16,12A,08-09,18.9,30.1,7.72,,,,
16,12A,08-10,19.1,30.1,7.81,,,,
16,12A,08-11,18.4,30.1,7.8,,,,
16,12A,08-12,15.8,30.3,7.82,,,,
16,12A,08-13,15.5,30.4,7.77,,,,
16,12A,08-14,16.3,30.2,7.68,,,,
16,12A,08-15,16.1,30.4,7.71,,,,
16,12A,08-16,16.4,30.2,7.65,,,,
16,12A,08-17,14.3,30.3,7.69,,,,
16,12A,08-18,15.6,30.4,7.69,,,,
16,12A,08-19,14.5,30.3,7.71,,,,
16,12A,08-20,14.8,30.2,7.69,,,,
16,12A,08-21,16.2,30.2,7.56,,,,
16,12A,08-22,17,30.1,7.67,,,,
16,12A,08-23,16.3,30,7.69,,,,
16,12A,08-24,16.1,30,7.64,,,,
16,12A,08-25,15.4,30.1,7.64,,,,
16,12A,08-26,15,29.9,7.67,,,,
16,12A,08-27,14.4,30,7.67,,,,
16,12A,08-28,15.6,30.1,7.61,,,,
16,12A,08-29,15.5,29.9,7.58,,,,
16,12A,08-30,15.2,29.9,7.68,,,,
16,12A,08-31,15,29.9,7.6,,,,
16,12A,09-01,14.6,29.9,7.52,,,,
16,12A,09-02,14.9,30.1,7.54,,,,
16,12A,09-03,15.4,29.9,7.55,,,,
16,12A,09-04,16.2,30,7.53,,,,
16,12A,09-05,16.4,30,7.44,,,,
16,12A,09-06,16.8,29.9,7.44,,,,
16,12A,09-07,16.4,30,7.47,,,,
16,12A,09-08,,,,,,,
16,12A,09-09,,,,,,,
16,12A,09-10,14.5,30,7.46,,,,
16,12A,09-11,15.6,30,7.58,,,,
16,12A,09-12,14,30,7.41,,,,
16,12A,09-13,14.4,30,7.46,,,,
16,12A,09-14,12.8,30.1,7.56,,,,
16,12A,09-15,,,,,,,
16,12A,09-16,,,,,,,
16,,09-17,13.1,29.8,7.43,,,,
16,,09-18,13.3,29.9,7.64,,,,
16,,09-19,13.9,30.4,7.4,,,,
16,,09-20,12.9,30,7.44,,,,
16,,09-21,,,,,,,
16,,09-22,,,,,,,
16,,09-23,,,,,,,
16,,09-24,,,,,,,
16,,09-25,12.9,30,6.3,,,,
16,,09-26,13.8,30.2,,,,,
16,,09-27,15.6,30.2,,,,,
,,09-28,,,,,,,
,,09-29,,,,,,,
,,09-30,,,,,,,
,,10-01,,,,,,,
,,10-02,13.6,30.3,,,,,
,,10-03,,,,,,,
,,10-04,12.3,30.3,,,,,
,,10-05,12,30.3,,,,,
,,10-06,,,,,,,
,,10-07,,,,,,,
,,10-08,,,,,,,
,,10-09,12.8,30.4,,,,,
,,10-10,15.9,30.4,,,,,
,,10-11,15.7,30.4,,,,,
,,10-12,,,,,,,
,,10-13,,,,,,,
,,10-14,,,,,,,
,,10-15,,,,,,,
,,10-16,16,30.4,7.55,,,,
,,10-17,15.7,30.4,7.61,,,,
,,10-18,16,30.4,7.57,,,,
,,10-19,,,,,,,
,,10-20,,,,,,,
,,10-21,,,,,,,
,,10-22,,,,,,,
,,10-23,15.8,30.4,7.65,,,,
,,10-24,,,,,,,
,,10-25,,,,,,,
,,10-26,,,,,,,
,,10-27,,,,,,,
,,10-28,,,,,,,
,,10-29,,,,,,,
,,10-30,,,,,,,
,,10-31,,,,,,,
,,11-01,,,,,,,
,,11-02,,,,,,,
,,11-03,,,,,,,
,,11-04,,,,,,,
,,11-05,,,,,,,
,,11-06,,,,,,,
,,11-07,,,,,,,
17,15L,07-03,11.9,30,7.7,,,,
17,15L,07-08,11.6,30,7.78,,,,
17,15L,07-18,14.8,30.2,7.73,,,,
17,15L,07-20,16,30,,,,,
17,15L,07-22,15.8,30.1,7.81,,,,
17,15L,07-23,17.9,30.2,7.69,,,,
17,15L,07-24,16.4,30.2,7.7,,,,
17,15L,07-27,18.3,30.3,7.63,,,,
17,15L,07-29,16.3,30.4,7.71,,,,
17,15L,07-30,15.6,30.5,7.69,,,,
17,15L,07-31,17.2,30.2,7.76,,,,
17,15L,08-01,15.5,30.5,7.69,,,,
17,15L,08-02,15.5,30.3,7.7,,,,
17,15L,08-03,15.8,30.1,7.64,,,,
17,15L,08-04,15.8,30.1,7.6,,,,
17,15L,08-05,15.7,30.2,7.64,,,,
17,15L,08-06,15.9,30.3,7.57,,,,
17,15L,08-07,15.7,30.4,7.62,,,,
17,15L,08-08,16.2,30.3,7.6,,,,
17,15L,08-09,17.2,30.3,7.58,,,,
17,15L,08-10,17.6,30.4,7.7,,,,
17,15L,08-11,16,30.3,7.71,,,,
17,15L,08-12,16,30.5,7.71,,,,
17,15L,08-13,15.5,30.3,7.72,,,,
17,15L,08-14,15.6,30.5,7.64,,,,
17,15L,08-15,15.9,30.7,7.7,,,,
17,15L,08-16,15.5,29.5,7.64,,,,
17,15L,08-17,15.2,29.5,7.67,,,,
17,15L,08-18,15.6,29.8,7.6,,,,
17,15L,08-19,14.9,29.5,7.5,,,,
17,15L,08-20,15.1,29.4,7.59,,,,
17,15L,08-21,15.3,30,7.63,,,,
17,15L,08-22,15.7,29.5,7.62,,,,
17,15L,08-23,15.3,29.8,7.45,,,,
17,15L,08-24,15.7,30.1,7.53,,,,
17,15L,08-25,15.5,29.6,7.44,,,,
17,15L,08-26,15.1,29.6,7.53,,,,
17,15L,08-27,15.3,29.5,7.61,,,,
17,15L,08-28,15.4,29.8,7.72,,,,
17,15L,08-29,15.7,29.9,7.67,,,,
17,15L,08-30,15.4,29.5,7.58,,,,
17,15L,08-31,15.4,29.6,7.42,,,,
17,15L,09-01,15.1,30,7.49,,,,
17,15L,09-02,15.7,29.7,7.43,,,,
17,15L,09-03,15,29.6,7.38,,,,
17,15L,09-04,15.3,29.7,7.45,,,,
17,15L,09-05,15.1,29.7,7.45,,,,
17,15L,09-06,15.3,29.6,7.41,,,,
17,15L,09-07,15.4,29.9,7.44,,,,
17,15L,09-08,,,,,,,
17,15L,09-09,,,,,,,
17,15L,09-10,15.1,29.8,7.35,,,,
17,15L,09-11,15.1,29.7,7.43,,,,
17,15L,09-12,15,29.8,7.35,,,,
17,15L,09-13,15,29.7,7.35,,,,
17,15L,09-14,15.3,29.8,7.54,,,,
17,15L,09-15,,,,,,,
17,15L,09-16,,,,,,,
17,15L,09-17,15.2,29.8,7.36,,,,
17,15L,09-18,15,29.7,7.47,,,,
17,15L,09-19,15.2,29.9,7.46,,,,
17,15L,09-20,15.2,29.8,7.46,,,,
17,15L,09-21,,,,,,,
17,15L,09-22,,,,,,,
17,15L,09-23,,,,,,,
17,15L,09-24,,,,,,,
17,15L,09-25,15.1,29.7,6.36,,,,
17,,09-26,15.2,29.9,,,,,
17,,09-27,15.3,30.1,,,,,
,,09-28,,,,,,,
,,09-29,,,,,,,
,,09-30,,,,,,,
,,10-01,,,,,,,
,,10-02,15,30,,,,,
,,10-03,,,,,,,
,,10-04,15.1,30.2,,,,,
,,10-05,15,30.1,,,,,
,,10-06,,,,,,,
,,10-07,,,,,,,
,,10-08,,,,,,,
,,10-09,15,30.1,,,,,
,,10-10,15.3,30.3,,,,,
,,10-11,15.2,30.3,,,,,
,,10-12,,,,,,,
,,10-13,,,,,,,
,,10-14,,,,,,,
,,10-15,,,,,,,
,,10-16,15,30.4,7.48,,,,
,,10-17,15.2,30.4,7.52,,,,
,,10-18,15,,7.56,,,,
,,10-19,,,,,,,
,,10-20,,,,,,,
,,10-21,,,,,,,
,,10-22,,,,,,,
,,10-23,15.3,30.4,7.6,,,,
,,10-24,,30.4,7.65,,,,
,,10-25,,,7.68,,,,
,,10-26,,,,,,,
,,10-27,,,,,,,
,,10-28,,,,,,,
,,10-29,15,30.3,7.68,,,,
,,10-30,15,30.3,7.72,,,,
,,10-31,,,,,,,
,,11-01,,,,,,,
,,11-02,,,,,,,
,,11-03,,,,,,,
,,11-04,,,,,,,
,,11-05,,,,,,,
,,11-06,,,,,,,
,,11-07,,,,,,,
,,11-08,,,,,,,
,,11-09,,,,,,,
,,11-10,,,,,,,
,,11-11,,,,,,,
,,11-12,,,,,,,
,,11-13,,,,,,,
,,11-14,,,,,,,
18,22L,07-03,11.1,29.7,7.82,,,,
18,22L,07-08,11.1,29.7,7.82,,,,
18,22L,07-18,11.5,29.5,,,,,
18,22L,07-19,15.1,29.7,7.76,,,,
18,22L,07-20,14.8,29.7,,,,,
18,22L,07-22,16.1,29.7,7.78,,,,
18,22L,07-23,17.7,29.8,7.72,,,,
18,22L,07-24,19.5,29.8,7.73,,,,
18,22L,07-27,19.8,29.9,7.61,,,,
18,22L,07-29,19.8,29.9,7.67,,,,
18,22L,07-30,20.2,29.8,7.66,,,,
18,22L,07-31,21.2,29.7,7.8,,,,
18,22L,08-01,21.3,30,7.84,,,,
18,22L,08-02,21.8,30.1,7.84,,,,
18,22L,08-03,21.5,30.2,7.85,,,,
18,22L,08-04,21.4,30.3,7.78,,,,
18,22L,08-05,21,30.4,7.82,,,,
18,22L,08-06,20.7,30.4,7.83,,,,
18,22L,08-07,20.9,30.5,7.78,,,,
18,22L,08-08,21.2,30.8,7.77,,,,
18,22L,08-09,21.9,29.6,7.79,,,,
18,22L,08-10,21.2,29.7,7.78,,,,
18,22L,08-11,21.7,29.8,7.8,,,,
18,22L,08-12,21.8,29.9,7.79,,,,
18,22L,08-13,21.7,30,7.79,,,,
18,22L,08-14,21.5,30,7.79,,,,
18,22L,08-15,20.7,29.9,7.79,,,,
18,22L,08-16,21,30.1,7.81,,,,
18,22L,08-17,20.9,30.1,7.7,,,,
18,22L,08-18,21.1,30.2,7.8,,,,
18,22L,08-19,21.4,30.2,7.77,,,,
18,22L,08-20,20.7,30.2,7.84,,,,
18,22L,08-21,20.5,30.2,7.74,,,,
18,22L,08-22,20.9,30.3,7.7,,,,
18,22L,08-23,20.7,30.2,7.66,,,,
18,22L,08-24,21.2,30,7.7,,,,
18,22L,08-25,21,30.5,7.72,,,,
18,22L,08-26,21.4,30.5,7.63,,,,
18,22L,08-27,21.4,30.5,7.72,,,,
18,22L,08-28,21.1,30.5,7.6,,,,
18,22L,08-29,21.4,30.6,7.7,,,,
18,22L,08-30,21.6,30.6,7.75,,,,
18,22L,08-31,21.5,30.8,7.71,,,,
18,22L,09-01,21.3,30.8,7.67,,,,
18,22L,09-02,21.3,30.1,7.73,,,,
18,22L,09-03,21.4,30.1,7.69,,,,
18,22L,09-04,21.7,30.2,7.68,,,,
18,22L,09-05,21.6,30.3,7.76,,,,
18,22L,09-06,21,30.3,7.64,,,,
18,22L,09-07,21.2,30.4,7.77,,,,
18,22L,09-08,,,,,,,
18,22L,09-09,,,,,,,
18,22L,09-10,21.9,30.5,7.89,,,,
18,22L,09-11,21.2,30.6,7.75,,,,
18,22L,09-12,21.3,30.7,7.8,,,,
18,22L,09-13,21.6,30.7,7.82,,,,
18,22L,09-14,20.7,30.7,7.86,,,,
18,22L,09-15,,,,,,,
18,22L,09-16,,,,,,,
18,22L,09-17,21.2,30.8,7.88,,,,
18,22L,09-18,21.8,30.8,7.72,,,,
18,22L,09-19,21.6,31,7.68,,,,
18,22L,09-20,21.9,31.1,7.84,,,,
18,22L,09-21,,,,,,,
18,22L,09-22,,,,,,,
18,,09-23,,,,,,,
18,,09-24,,,,,,,
18,,09-25,21.6,31.5,6.4,,,,
18,,09-26,21.1,31.5,,,,,
18,,09-27,21.5,31.7,,,,,
18,,09-28,,,,,,,
18,,09-29,,,,,,,
,,09-30,,,,,,,
,,10-01,,,,,,,
,,10-02,21.6,31.8,,,,,
,,10-03,,,,,,,
,,10-04,19.3,32,,,,,
,,10-05,19.4,32.1,,,,,
,,10-06,,,,,,,
,,10-07,,,,,,,
,,10-08,,,,,,,
,,10-09,19.4,32,,,,,
,,10-10,14.6,32,,,,,
,,10-11,14.2,32,,,,,
,,10-12,,,,,,,
,,10-13,,,,,,,
,,10-14,,,,,,,
,,10-15,,,,,,,
,,10-16,14.3,32,7.31,,,,
,,10-17,14.6,30,7.83,,,,
,,10-18,13.9,30.1,7.81,,,,
,,10-19,,,,,,,
,,10-20,,,,,,,
,,10-21,,,,,,,
,,10-22,,,,,,,
,,10-23,14.4,30.3,7.83,,,,
,,10-24,,,,,,,
,,10-25,,,,,,,
,,10-26,,,,,,,
,,10-27,,,,,,,
,,10-28,,,,,,,
,,10-29,,,,,,,
,,10-30,,,,,,,
,,10-31,,,,,,,
,,11-01,,,,,,,
,,11-02,,,,,,,
,,11-03,,,,,,,
,,11-04,,,,,,,
,,11-05,,,,,,,
,,11-06,,,,,,,
,,11-07,,,,,,,
,,11-08,,,,,,,
19,22L,07-03,12.7,30.4,7.75,,,,
19,22L,07-08,12,30.3,7.75,,,,
19,22L,07-18,11.4,30.2,,,,,
19,22L,07-19,15.7,30.3,7.78,,,,
19,22L,07-20,15.8,30.3,,,,,
19,22L,07-22,17.2,30.3,7.86,,,,
19,22L,07-23,18.4,30.3,7.71,,,,
19,22L,07-24,22,30.3,7.79,,,,
19,22L,07-27,21.6,30.5,7.75,,,,
19,22L,07-29,21.5,30.4,7.79,,,,
19,22L,07-30,21.5,30.4,7.77,,,,
19,22L,07-31,21.5,30.5,7.88,,,,
19,22L,08-01,21.8,30.5,7.9,,,,
19,22L,08-02,21.6,30.7,7.87,,,,
19,22L,08-03,21.6,30.4,7.85,,,,
19,22L,08-04,21.8,30.6,7.79,,,,
19,22L,08-05,21.7,30.6,7.8,,,,
19,22L,08-06,21.7,30.8,7.78,,,,
19,22L,08-07,21.6,30.5,7.82,,,,
19,22L,08-08,22.1,30.6,7.81,,,,
19,22L,08-09,21.9,30.08,7.79,,,,
19,22L,08-10,21.6,29.8,7.86,,,,
19,22L,08-11,22.3,30.1,7.76,,,,
19,22L,08-12,22.2,30,7.76,,,,
19,22L,08-13,21.8,30,7.78,,,,
19,22L,08-14,21.5,30.1,7.83,,,,
19,22L,08-15,21.8,29.9,7.89,,,,
19,22L,08-16,21.5,29.9,7.87,,,,
19,22L,08-17,21.5,30.2,7.82,,,,
19,22L,08-18,21.9,30,7.8,,,,
19,22L,08-19,21.9,30.3,7.76,,,,
19,22L,08-20,21.8,30.5,7.93,,,,
19,22L,08-21,21.7,30.1,7.74,,,,
19,22L,08-22,21.8,30.3,7.82,,,,
19,22L,08-23,21.6,30.4,7.83,,,,
19,22L,08-24,21.2,30.1,7.91,,,,
19,22L,08-25,21.5,30.5,7.85,,,,
19,22L,08-26,21.9,30.4,7.84,,,,
19,22L,08-27,21,30.5,7.82,,,,
19,22L,08-28,21.8,30.4,7.8,,,,
19,22L,08-29,21.4,30.5,7.74,,,,
19,22L,08-30,21.5,30.6,7.9,,,,
19,22L,08-31,21.9,30.6,7.82,,,,
19,22L,09-01,22.1,30.8,7.82,,,,
19,22L,09-02,21.5,30.6,7.81,,,,
19,22L,09-03,21.5,30.5,7.78,,,,
19,22L,09-04,21.5,30.8,7.76,,,,
19,22L,09-05,21.8,30.8,7.74,,,,
19,22L,09-06,21.7,30.7,7.69,,,,
19,22L,09-07,21.7,30.4,,,,,
19,22L,09-08,,,,,,,
19,22L,09-09,,,,,,,
19,22L,09-10,21.5,30.3,,,,,
19,22L,09-11,21.4,30.9,,,,,
19,22L,09-12,21.4,30.5,,,,,
19,22L,09-13,21.8,30.8,,,,,
,,09-14,22.5,31,,,,,
,,09-15,,,,,,,
,,09-16,,,,,,,
,,09-17,21.8,31.1,,,,,
,,09-18,22.7,31,,,,,
,,09-19,21.7,31.3,,,,,
,,09-20,22,31,,,,,
,,09-21,,,,,,,
,,09-22,,,,,,,
,,09-23,,,,,,,
,,09-24,,,,,,,
,,09-25,22.1,31.7,,,,,
,,09-26,22,31.7,,,,,
,,09-27,22.3,32,,,,,
,,09-28,,,,,,,
,,09-29,,,,,,,
,,09-30,,,,,,,
,,10-01,,,,,,,
,,10-02,22,32.2,,,,,
,,10-03,,,,,,,
,,10-04,19.9,32.2,,,,,
,,10-05,20,32.2,,,,,
,,10-06,,,,,,,
,,10-07,,,,,,,
,,10-08,,,,,,,
,,10-09,19.5,32.3,,,,,
,,10-10,16,32.3,,,,,
,,10-11,16.1,32.3,,,,,
,,10-12,,,,,,,
,,10-13,,,,,,,
,,10-14,,,,,,,
,,10-15,,,,,,,
,,10-16,16.2,30.2,,,,,
,,10-17,16.7,30.2,,,,,
,,10-18,15.7,30.3,,,,,
,,10-19,,,,,,,
,,10-20,,,,,,,
,,10-21,,,,,,,
,,10-22,,,,,,,
,,10-23,16.7,30.5,,,,,
,,10-24,,,,,,,
,,10-25,,,,,,,
,,10-26,,,,,,,
,,10-27,,,,,,,
,,10-28,,,,,,,
,,10-29,16.7,30.6,,,,,
,,10-30,16.8,30.5,,,,,
,,10-31,,,,,,,
,,11-01,,,,,,,
,,11-02,,,,,,,
,,11-03,,,,,,,
,,11-04,,,,,,,
,,11-05,,,,,,,
,,11-06,,,,,,,
20,15L,,,,,,,,
20,15L,07-08,11.6,30,7.72,,,,
20,15L,07-18,12.5,30,,,,,
20,15L,07-19,14.8,30,7.71,,,,
20,15L,07-20,14.6,30,,,,,
20,15L,07-22,14.6,30,7.77,,,,
20,15L,07-23,14.6,30,7.69,,,,
20,15L,07-24,14.6,29.9,7.72,,,,
20,15L,07-27,14.8,30,7.58,,,,
20,15L,07-29,14.7,30.1,7.64,,,,
20,15L,07-30,14.8,30,7.69,,,,
20,15L,07-31,17.1,29.9,7.7,,,,
20,15L,08-01,14.6,30.1,7.71,,,,
20,15L,08-02,15.6,30,7.69,,,,
20,15L,08-03,15.6,30,7.64,,,,
20,15L,08-04,15.3,30,7.6,,,,
20,15L,08-05,14.6,30.1,7.64,,,,
20,15L,08-06,14.8,30.1,7.6,,,,
20,15L,08-07,14.8,30.2,7.65,,,,
20,15L,08-08,14.6,30.2,7.62,,,,
20,15L,08-09,14.6,30,7.61,,,,
20,15L,08-10,14.7,30,7.66,,,,
20,15L,08-11,15.3,30,7.7,,,,
20,15L,08-12,15.5,30.1,7.66,,,,
20,15L,08-13,15.5,30,7.73,,,,
20,15L,08-14,14.7,30.1,7.64,,,,
20,15L,08-15,14.5,30,7.61,,,,
20,15L,08-16,15.2,30,7.56,,,,
20,15L,08-17,15.2,30,7.54,,,,
20,15L,08-18,15.5,30.1,7.57,,,,
20,15L,08-19,15.1,30,7.42,,,,
20,15L,08-20,15.4,30.1,7.5,,,,
20,15L,08-21,14.8,30.1,7.42,,,,
20,15L,08-22,14.9,30.1,7.52,,,,
20,15L,08-23,15.1,30,7.42,,,,
20,15L,08-24,15,30,7.4,,,,
20,15L,08-25,15.4,30.1,7.44,,,,
20,15L,08-26,15,30.1,7.57,,,,
20,15L,08-27,14.9,30,7.6,,,,
20,15L,08-28,14.8,29.9,7.44,,,,
20,15L,08-29,15.5,30.1,7.52,,,,
20,15L,08-30,15.5,30,7.46,,,,
20,15L,08-31,14.6,30.1,7.3,,,,
20,15L,09-01,15.1,30,7.3,,,,
20,15L,09-02,15.4,30.1,7.31,,,,
20,15L,09-03,14.5,30,7.31,,,,
20,15L,09-04,15.3,30.1,7.38,,,,
20,15L,09-05,14.6,30.1,7.34,,,,
20,15L,09-06,14.9,30.1,7.34,,,,
20,15L,09-07,15.2,30.1,7.34,,,,
20,15L,09-08,15.8,29.6,7.34,,,,
20,15L,09-09,16,29.9,7.38,,,,
20,15L,09-10,15.1,29.9,7.36,,,,
20,15L,09-11,15.4,29.8,7.5,,,,
20,15L,09-12,15.4,29.9,7.44,,,,
20,15L,09-13,15.4,29.4,7.42,,,,
20,15L,09-14,19.5,29.8,7.62,,,,
20,15L,09-15,,,,,,,
20,15L,09-16,,,,,,,
20,15L,09-17,15,29.9,7.45,,,,
20,15L,09-18,15,29.9,7.31,,,,
20,15L,09-19,15.5,29.9,7.47,,,,
20,15L,09-20,15.1,30,7.44,,,,
20,15L,09-21,,,,,,,
20,15L,09-22,,,,,,,
,,09-23,,,,,,,
,,09-24,,,,,,,
,,09-25,23.2,30.1,7.41,,,,
,,09-26,26.7,27.3,6.9,,,,
,,09-27,27.4,30.2,,,,,
,,09-28,,,,,,,
,,09-29,,,,,,,
,,09-30,,,,,,,
,,10-01,,,,,,,
,,10-02,,,,,,,
,,10-03,,,,,,,
,,10-04,,,,,,,
,,10-05,,,,,,,
,,10-06,,,,,,,
,,10-07,,,,,,,
,,10-08,,,,,,,
,,10-09,,,,,,,
,,10-10,,,,,,,
,,10-11,,,,,,,
,,10-12,,,,,,,
,,10-13,,,,,,,
,,10-14,,,,,,,
,,10-15,,,,,,,
,,10-16,,,,,,,
,,10-17,,,,,,,
,,10-18,,,,,,,
,,10-19,,,,,,,
,,10-20,,,,,,,
,,10-21,,,,,,,
,,10-22,,,,,,,
,,10-23,,,,,,,
,,10-24,,,7.91,,,,
,,10-25,,,9.92,,,,
,,10-26,,,,,,,
,,10-27,,,,,,,
,,10-28,,,,,,,
,,10-29,15.4,30,7.96,,,,
,,10-30,15.5,30,7.96,,,,
,,10-31,15.3,30.1,7.98,,,,
,,11-01,,,,,,,
,,11-02,,,,,,,
,,11-03,,,,,,,
,,11-04,,,,,,,
21,15L,07-03,12.4,30.1,7.66,,,,
21,15L,07-08,12,30,7.65,,,,
21,15L,07-18,11.4,30.1,,,,,
21,15L,07-19,14.7,30,7.65,,,,
21,15L,07-20,15.2,30,,,,,
21,15L,07-22,15.2,30.1,7.68,,,,
21,15L,07-23,15.1,30.1,7.57,,,,
21,15L,07-24,15.4,30.2,7.59,,,,
21,15L,07-27,15.3,30,7.52,,,,
21,15L,07-29,15.3,30.1,7.63,,,,
21,15L,07-30,15.6,30.2,7.59,,,,
21,15L,07-31,15.2,30,7.74,,,,
21,15L,08-01,16,30,7.82,,,,
21,15L,08-02,15.4,30.2,7.63,,,,
21,15L,08-03,16,30.4,7.58,,,,
21,15L,08-04,16.1,30.3,7.61,,,,
21,15L,08-05,15.4,30.6,7.67,,,,
21,15L,08-06,15,30.1,7.53,,,,
21,15L,08-07,15.4,30.2,7.65,,,,
21,15L,08-08,15.3,30,7.63,,,,
21,15L,08-09,14.9,30,7.61,,,,
21,15L,08-10,15.3,29.8,7.66,,,,
21,15L,08-11,15.7,30.1,7.68,,,,
21,15L,08-12,15.8,30.2,7.75,,,,
21,15L,08-13,15.2,30,7.73,,,,
21,15L,08-14,15.7,30.3,7.68,,,,
21,15L,08-15,15.3,30,7.65,,,,
21,15L,08-16,15.4,29.9,7.56,,,,
21,15L,08-17,15.3,29.9,7.55,,,,
21,15L,08-18,15.8,29.9,7.53,,,,
21,15L,08-19,15.7,29.9,7.4,,,,
21,15L,08-20,15.2,30,7.49,,,,
21,15L,08-21,15.3,29.8,7.46,,,,
21,15L,08-22,15.1,29.9,7.43,,,,
21,15L,08-23,15.3,30.2,7.46,,,,
21,15L,08-24,15.4,30.2,7.47,,,,
21,15L,08-25,15.2,30.2,7.47,,,,
21,15L,08-26,15.6,29.9,7.47,,,,
21,15L,08-27,15.9,30,7.51,,,,
21,15L,08-28,15.5,30.2,7.52,,,,
21,15L,08-29,15.4,29.7,7.53,,,,
21,15L,08-30,15.3,30.2,7.44,,,,
21,15L,08-31,15.7,29.9,7.42,,,,
21,15L,09-01,15.2,30,7.43,,,,
21,15L,09-02,15.2,30.3,7.4,,,,
21,15L,09-03,14.9,30,7.31,,,,
21,15L,09-04,15.3,30.3,7.43,,,,
21,15L,09-05,15.3,29.9,7.37,,,,
21,15L,09-06,15.1,29.8,7.38,,,,
21,15L,09-07,15.3,30,7.71,,,,
21,15L,09-08,,,,,,,
21,15L,09-09,,,,,,,
21,15L,09-10,15.5,29.9,7.29,,,,
21,15L,09-11,15.2,29.9,7.35,,,,
21,15L,09-12,15.2,29.9,7.15,,,,
21,15L,09-13,15.6,29.9,7.27,,,,
21,15L,09-14,15.3,30,7.46,,,,
21,15L,09-15,,,,,,,
21,15L,09-16,,,,,,,
21,15L,09-17,15.5,30,7.31,,,,
21,15L,09-18,15.5,29.9,7.43,,,,
21,15L,09-19,15.7,29.8,7.51,,,,
21,15L,09-20,15.4,29.8,7.39,,,,
21,15L,09-21,,,,,,,
21,15L,09-22,,,,,,,
21,15L,09-23,,,,,,,
,,09-24,,,,,,,
,,09-25,16.1,,6.34,,,,
,,09-26,15.7,30.9,,,,,
,,09-27,15.4,30.1,,,,,
,,09-28,,,,,,,
,,09-29,,,,,,,
,,09-30,,,,,,,
,,10-01,,,,,,,
,,10-02,15.6,30.3,,,,,
,,10-03,,,,,,,
,,10-04,15.2,30.1,,,,,
,,10-05,,,,,,,
,,10-06,,,,,,,
,,10-07,,,,,,,
,,10-08,,,,,,,
,,10-09,15.4,30.2,,,,,
,,10-10,15.4,30.2,,,,,
,,10-11,15.6,30.3,,,,,
,,10-12,,,,,,,
,,10-13,,,,,,,
,,10-14,,,,,,,
,,10-15,,,,,,,
,,10-16,,,7.54,,,,
,,10-17,,,,,,,
22,22L,7-3,12.3,30.4,7.71,,,,
22,22L,7-8,12.4,30.4,7.78,,,,
22,22L,7-18,13.6,30.4,,,,,
22,22L,7-19,16.8,30.4,7.74,,,,
22,22L,7-20,16.8,30.4,,,,,
22,22L,7-22,18.1,30.4,7.76,,,,
22,22L,7-23,19.8,30.5,7.66,,,,
22,22L,7-24,22.3,30.4,7.64,,,,
22,22L,7-27,22.2,30.6,7.73,,,,
22,22L,7-29,22.3,30.6,7.62,,,,
22,22L,7-30,22.4,30.6,7.72,,,,
22,22L,7-31,23,30.6,7.75,,,,
22,22L,8-1,22.2,30.6,7.79,,,,
22,22L,8-2,22.2,30.7,7.77,,,,
22,22L,8-3,22.2,30.7,7.77,,,,
22,22L,8-4,22,30.7,7.76,,,,
22,22L,8-5,22.3,30.8,7.76,,,,
22,22L,8-6,22,31,7.78,,,,
22,22L,8-7,22.1,30.8,7.74,,,,
22,22L,8-8,22.3,30,7.76,,,,
22,22L,8-9,21.9,30,7.75,,,,
22,22L,8-10,22.8,30,7.78,,,,
22,22L,8-11,22.2,30,7.8,,,,
22,22L,8-12,22.2,30.1,7.8,,,,
22,22L,8-13,22,30.1,7.83,,,,
22,22L,8-14,22.1,30.1,7.84,,,,
22,22L,8-15,22.1,29.9,7.81,,,,
22,22L,8-16,21.3,30.1,7.83,,,,
22,22L,8-17,22.3,30.3,7.65,,,,
22,22L,8-18,21,30.3,7.69,,,,
22,22L,8-19,22.6,30.3,7.66,,,,
22,22L,8-20,22,30.4,7.72,,,,
22,22L,8-21,22.2,30.3,7.61,,,,
22,22L,8-22,21.8,30.5,7.6,,,,
22,22L,8-23,22.4,30.3,7.68,,,,
22,22L,8-24,22.2,30.4,7.74,,,,
22,22L,8-25,22,30.4,7.73,,,,
22,22L,8-26,21.9,30.5,7.69,,,,
22,22L,8-27,22,30.6,7.67,,,,
22,22L,8-28,22.5,30.4,7.61,,,,
22,22L,8-29,22.1,30.6,7.72,,,,
22,22L,8-30,22.2,30.6,7.81,,,,
22,22L,8-31,21.9,30.4,7.77,,,,
22,22L,9-1,22,30.7,7.74,,,,
22,22L,9-2,22.2,30.7,7.78,,,,
22,22L,9-3,22.4,30.6,7.77,,,,
22,22L,9-4,22,30.8,7.72,,,,
22,22L,9-5,22.1,30.9,7.66,,,,
22,22L,9-6,22,30.7,7.67,,,,
22,22L,9-7,22.2,30.9,7.69,,,,
22,22L,9-8,,,,,,,
22,22L,9-9,,,,,,,
22,22L,9-10,22.5,30.9,7.77,,,,
22,22L,9-11,22,30.9,7.68,,,,
22,22L,9-12,22.1,31,7.72,,,,
22,22L,9-13,22.2,31,7.76,,,,
22,22L,9-14,22.1,31.1,7.76,,,,
22,22L,9-15,,,,,,,
22,22L,9-16,,,,,,,
22,22L,9-17,22.2,30.7,7.86,,,,
22,22L,9-18,21.7,30.9,7.7,,,,
22,22L,9-19,22,31,7.15,,,,
22,22L,9-20,22,31.2,7.78,,,,
,,9-21,,,,,,,
,,9-22,,,,,,,
,,9-23,,,,,,,
,,9-24,,,,,,,
,,9-25,21.8,21.7,6.34,,,,
,,9-26,21.9,31.5,,,,,
,,9-27,22.1,31.7,,,,,
,,9-28,,,,,,,
,,9-29,,,,,,,
,,9-30,,,,,,,
,,10-1,,,,,,,
,,10-2,22.3,31.6,,,,,
,,10-3,,,,,,,
,,10-4,20.9,32.1,,,,,
,,10-5,21.3,32,,,,,
,,10-6,,,,,,,
,,10-7,,,,,,,
,,10-8,,,,,,,
,,10-9,21.2,31.8,,,,,
,,10-10,16.1,31.9,,,,,
,,10-11,16.2,31.9,,,,,
,,10-12,,,,,,,
,,10-13,,,,,,,
,,10-14,,,,,,,
,,10-15,,,,,,,
,,10-16,16.2,29.9,7.84,,,,
,,10-17,16.3,29.9,7.85,,,,
,,10-18,16,30,7.83,,,,
,,10-19,,,,,,,
,,10-20,,,,,,,
,,10-21,,,,,,,
,,10-22,,,,,,,
,,10-23,16.3,,7.83,,,,
,,10-24,,,7.86,,,,
,,10-25,,,,,,,
,,10-26,,,,,,,
,,10-27,,,,,,,
,,10-28,,,,,,,
,,10-29,16.2,30.2,,,,,
23,22L,07-03,13.1,30.4,7.7,,,,
23,22L,07-08,12,30.3,7.82,,,,
23,22L,07-18,14.2,30.5,,,,,
23,22L,07-19,18.5,30.4,7.83,,,,
23,22L,07-20,18.1,30.4,,,,,
23,22L,07-22,19.6,30.5,7.88,,,,
23,22L,07-23,21,30.6,7.75,,,,
23,22L,07-24,21.6,30.2,7.77,,,,
23,22L,07-27,21,30.6,7.7,,,,
23,22L,07-29,21,30.6,7.77,,,,
23,22L,07-30,21.9,30.4,7.71,,,,
23,22L,07-31,22.2,30.6,7.82,,,,
23,22L,08-01,22.2,30.6,7.87,,,,
23,22L,08-02,22.7,30.5,7.81,,,,
23,22L,08-03,21.5,30.6,7.73,,,,
23,22L,08-04,22.1,30.6,7.71,,,,
23,22L,08-05,22.4,30.6,7.78,,,,
23,22L,08-06,21.6,30.8,7.74,,,,
23,22L,8-7,21.2,30.9,7.82,,,,
23,22L,8-8,22.5,30,7.78,,,,
23,22L,8-9,21.4,29.9,7.77,,,,
23,22L,8-10,22.5,30,7.81,,,,
23,22L,8-11,22.4,30,7.77,,,,
23,22L,8-12,21.3,30.2,7.86,,,,
23,22L,8-13,22.3,30,7.92,,,,
23,22L,8-14,21.7,30,7.9,,,,
23,22L,8-15,21.3,29.9,7.85,,,,
23,22L,8-16,21.6,30.2,7.85,,,,
23,22L,8-17,21.5,30,7.71,,,,
23,22L,8-18,21.4,30.2,7.73,,,,
23,22L,8-19,23.5,30.4,7.68,,,,
23,22L,8-20,23,30,7.75,,,,
23,22L,8-21,22.4,30.4,7.58,,,,
23,22L,8-22,21.7,30.4,7.79,,,,
23,22L,8-23,21.9,30.3,7.77,,,,
23,22L,8-24,21.2,30.3,7.8,,,,
23,22L,8-25,22.3,30.5,7.77,,,,
23,22L,8-26,21.6,30.5,7.76,,,,
23,22L,8-27,21.1,30.6,7.72,,,,
23,22L,8-28,21.7,30.3,7.74,,,,
23,22L,8-29,21.9,30.6,7.58,,,,
23,22L,8-30,21.7,30.6,7.81,,,,
23,22L,8-31,21.6,30.6,7.75,,,,
23,22L,9-1,21.3,30.4,7.69,,,,
23,22L,9-2,22,30.7,7.8,,,,
23,22L,9-3,21.8,30.8,7.74,,,,
23,22L,9-4,21.7,30.7,7.72,,,,
23,22L,9-5,21.9,31.1,7.62,,,,
23,22L,9-6,21.2,30.8,7.67,,,,
23,22L,9-7,,,,,,,
24,15L,07-03,12.8,30.4,7.68,,,,
24,15L,07-08,12.7,30.3,7.78,,,,
24,15L,07-18,12.1,30.2,,,,,
24,15L,07-19,15.9,30.9,7.74,,,,
24,15L,07-20,15.8,30.3,,,,,
24,15L,07-22,15.9,30.3,7.81,,,,
24,15L,07-23,15.7,30.3,7.67,,,,
24,15L,07-24,15.9,30,7.68,,,,
24,15L,07-27,15.2,30.2,7.66,,,,
24,15L,07-29,15.1,30.3,7.72,,,,
24,15L,07-30,16.1,30.4,7.66,,,,
24,15L,07-31,20.1,30.3,7.72,,,,
24,15L,08-01,16.8,30,7.77,,,,
24,15L,08-02,16.6,30.3,7.77,,,,
24,15L,08-03,16.1,30.1,7.66,,,,
24,15L,08-04,16.2,30.4,7.66,,,,
24,15L,08-05,16,30.2,7.66,,,,
24,15L,08-06,15.8,30.4,7.67,,,,
24,15L,08-07,14.6,30.1,7.7,,,,
24,15L,08-08,14.7,30.2,7.67,,,,
24,15L,08-09,15.2,30.5,7.65,,,,
24,15L,08-10,17.9,30,7.72,,,,
24,15L,08-11,16.2,30,7.75,,,,
24,15L,08-12,15.7,30.2,7.74,,,,
24,15L,08-13,15.8,30.2,7.82,,,,
24,15L,08-14,15.1,30.3,7.72,,,,
24,15L,08-15,15.9,30.3,7.64,,,,
24,15L,08-16,15.3,30.5,7.61,,,,
24,15L,08-17,15.7,30.3,7.57,,,,
24,15L,08-18,14.7,30.2,7.54,,,,
24,15L,08-19,14.8,30.3,7.4,,,,
24,15L,08-20,15.5,30.1,7.56,,,,
24,15L,08-21,15,30,7.31,,,,
24,15L,08-22,15.8,30.3,7.55,,,,
24,15L,08-23,15.1,30,7.58,,,,
24,15L,08-24,15.1,30.2,7.48,,,,
24,15L,08-25,14.9,30.2,7.55,,,,
24,15L,08-26,15.2,30.3,7.56,,,,
24,15L,08-27,15.9,30.2,7.38,,,,
24,15L,08-28,15.5,30.1,7.41,,,,
24,15L,08-29,15.7,30.3,7.47,,,,
24,15L,08-30,15.8,30.1,7.55,,,,
24,15L,08-31,15,30.1,7.34,,,,
24,15L,09-01,15,30.2,7.46,,,,
24,15L,09-02,14.9,30,7.35,,,,
24,15L,09-03,14.7,30,7.35,,,,
24,15L,09-04,15.2,30.2,7.41,,,,
24,15L,09-05,15,30.2,7.12,,,,
24,15L,09-06,15.5,30,7.34,,,,